n_nodes,influence,communities,nodes
1.0,21.94,0.7657874449483447,[65]
7.000000000000005,146.56,0.6193745984407281,"[65, 392, 137, 171, 2126, 369, 1599]"
6.000000000000004,144.92,0.6448760368397574,"[802, 392, 521, 137, 168, 780]"
6.000000000000004,154.67,0.6511068100933415,"[802, 392, 521, 137, 168, 171]"
8.999999999999996,169.97,0.5920868751181095,"[65, 392, 137, 521, 168, 780, 369, 148, 5132]"
6.000000000000004,137.98,0.6326750890071434,"[65, 392, 137, 521, 168, 780]"
18.000000000000004,259.38,0.536265205892004,"[392, 521, 137, 905, 780, 398, 148, 1692, 802, 168, 298, 171, 4143, 945, 65, 1220, 1609, 483]"
4.000000000000003,106.44,0.6819634485414968,"[65, 320, 171, 780]"
30.000000000000004,332.7,0.5072740031874465,"[392, 521, 137, 905, 780, 398, 148, 3476, 3616, 298, 1453, 4143, 432, 945, 4660, 309, 822, 5049, 191, 65, 449, 4035, 7492, 837, 215, 90, 1370, 4187, 349, 862]"
60.00000000000001,417.33,0.4549706298167928,"[3328, 392, 521, 137, 905, 780, 2697, 398, 148, 3476, 3616, 298, 171, 1453, 432, 945, 4660, 309, 822, 3393, 65, 449, 4035, 7492, 837, 973, 2126, 3790, 3025, 338, 5079, 6616, 1111, 3289, 90, 1370, 2394, 349, 4829, 5466, 3680, 3034, 867, 3039, 1504, 6623, 2407, 5481, 106, 1387, 7020, 7019, 2415, 369, 7537, 4211, 3704, 5723, 2427, 7291]"
47.0,386.79,0.4690626724925435,"[392, 521, 137, 905, 780, 398, 148, 802, 168, 298, 171, 4143, 945, 4660, 309, 822, 191, 65, 449, 4035, 1220, 7492, 2758, 837, 7238, 5057, 1609, 3141, 1225, 2757, 7501, 4679, 973, 2126, 338, 1364, 6356, 1365, 5079, 1111, 473, 3034, 2394, 1368, 3549, 90, 483]"
89.0,486.9,0.45926250611496044,"[521, 4143, 4660, 65, 4674, 5698, 2629, 585, 2646, 1111, 90, 5723, 3684, 106, 137, 148, 150, 171, 6829, 191, 3265, 2242, 1220, 2757, 710, 1747, 6356, 3851, 780, 3345, 298, 309, 822, 7492, 845, 1368, 2394, 1370, 5466, 349, 2407, 1387, 7019, 2415, 7537, 5494, 2427, 7552, 6020, 5508, 3463, 392, 905, 3976, 1930, 4488, 904, 398, 1942, 2455, 4505, 1434, 2461, 7072, 5032, 1453, 945, 7601, 1461, 4535, 4542, 449, 4035, 452, 1995, 973, 5582, 3025, 4052, 5079, 6616, 473, 3549, 6623, 997, 1512, 6125, 4085, 3070]"
71.0,452.91,0.43648491475729423,"[392, 521, 137, 905, 780, 2697, 398, 148, 3476, 3616, 802, 298, 171, 1453, 432, 945, 4660, 309, 822, 191, 65, 449, 4035, 7492, 837, 5057, 3141, 452, 1225, 1220, 2757, 4679, 7501, 2758, 973, 2126, 7112, 338, 1747, 1364, 6356, 1365, 5079, 1111, 473, 3034, 2394, 1368, 3549, 90, 3039, 6623, 1370, 4187, 349, 862, 1376, 1250, 1124, 3684, 1638, 2407, 5481, 1387, 7020, 7019, 1774, 2415, 7537, 5596, 365]"
7.999999999999995,168.67,0.6103088447333523,"[65, 392, 137, 168, 780, 5132, 369, 148]"
5.0000000000000036,142.52,0.6691436450528323,"[225, 802, 168, 137, 780]"
5.0000000000000036,92.94,0.6441375703794742,"[65, 392, 137, 521, 780]"
28.0,304.23,0.5096351338591212,"[392, 521, 137, 905, 780, 2697, 398, 148, 3476, 3616, 802, 298, 171, 432, 945, 4660, 309, 822, 191, 65, 449, 4035, 7492, 2270, 225, 624, 376, 5517]"
25.0,279.59,0.5194151047218991,"[392, 521, 137, 905, 780, 2697, 398, 148, 3476, 388, 802, 298, 171, 432, 945, 6835, 1461, 822, 1085, 65, 4674, 449, 1220, 837, 7238]"
24.0,288.89,0.5249196487658095,"[392, 137, 905, 2697, 780, 398, 148, 3476, 3616, 802, 298, 171, 1453, 432, 945, 822, 191, 65, 1111, 5723, 349, 2654, 607, 6528]"
1.0,61.65,0.7738640657973445,[225]
11.999999999999998,214.44,0.5829761933176395,"[65, 392, 3851, 780, 171, 2475, 3215, 2865, 1427, 148, 150, 822, 65]"
37.0,360.26,0.4882480236363549,"[392, 137, 905, 780, 398, 148, 3476, 3616, 802, 1189, 298, 171, 1453, 432, 945, 1461, 822, 3512, 191, 1983, 65, 4674, 449, 1220, 2629, 710, 450, 585, 1737, 6992, 1111, 1368, 90, 1370, 4187, 349, 1550]"
53.0,433.99,0.4722510073225312,"[392, 521, 137, 905, 780, 2697, 398, 148, 3476, 3616, 802, 298, 171, 1453, 432, 945, 4660, 309, 822, 191, 65, 449, 4035, 2242, 1220, 2629, 2757, 7492, 452, 710, 585, 973, 845, 1747, 6356, 2646, 1111, 1368, 473, 2394, 5723, 1370, 349, 90, 5466, 3684, 2407, 106, 1387, 2415, 4211, 1654, 7466]"
11.999999999999998,216.63,0.5843428819290092,"[65, 225, 168, 137, 3851, 780, 1611, 398, 4847, 3345, 148, 3476]"
7.000000000000005,142.86,0.6188466804375332,"[65, 392, 137, 521, 168, 5132, 369]"
24.0,254.98,0.5217931831388334,"[392, 521, 137, 905, 780, 2697, 3597, 148, 3476, 3616, 802, 298, 171, 300, 1453, 432, 945, 4660, 309, 822, 65, 4674, 449, 2629]"
16.0,233.21,0.5369706161634887,"[65, 802, 483, 1220, 392, 1609, 521, 137, 905, 780, 168, 398, 298, 4143, 945, 148]"
3.0000000000000018,65.54,0.685665840258593,"[392, 65, 137]"
59.00000000000001,403.31,0.4545005158011204,"[392, 137, 521, 148, 3476, 3616, 802, 168, 298, 171, 432, 945, 2427, 4660, 309, 822, 65, 3393, 449, 1220, 4035, 7492, 837, 973, 2126, 3790, 3025, 338, 5079, 6616, 1111, 3289, 90, 1370, 2394, 349, 4829, 5466, 3680, 3034, 483, 867, 3039, 1504, 6623, 2407, 5481, 106, 1387, 7020, 7019, 2415, 369, 7537, 4211, 3704, 5723, 7291, 4860]"
24.0,299.12,0.5279904183314748,"[392, 137, 2262, 780, 398, 3345, 148, 3476, 150, 1305, 168, 822, 3512, 1213, 65, 4674, 1611, 594, 851, 90, 1370, 4187, 349, 4847]"
88.0,488.36,0.4602585364992894,"[4143, 4660, 65, 4674, 5698, 2629, 585, 2646, 1111, 90, 5723, 3684, 106, 137, 148, 150, 171, 6829, 191, 3265, 2242, 1220, 2757, 710, 1747, 6356, 3851, 780, 3345, 298, 309, 822, 7492, 845, 1368, 2394, 1370, 5466, 349, 1387, 7019, 2415, 7537, 5494, 2427, 384, 7552, 6020, 5508, 3463, 392, 905, 3976, 1930, 4488, 904, 398, 1942, 2455, 4505, 1434, 2461, 7072, 5032, 1453, 945, 7601, 1461, 4535, 4542, 449, 4035, 452, 1995, 973, 5582, 3025, 4052, 5079, 6616, 473, 3549, 6623, 997, 1512, 6125, 4085, 3070]"
75.0,470.07,0.4630735918016775,"[392, 521, 137, 780, 398, 4241, 3345, 2825, 148, 914, 150, 2455, 278, 4505, 1434, 665, 3476, 1942, 2461, 7072, 5671, 168, 5032, 298, 171, 1453, 945, 7601, 6835, 1461, 822, 440, 1213, 191, 65, 4674, 2883, 449, 4035, 2758, 4679, 452, 1995, 973, 2126, 3790, 5582, 3025, 338, 4052, 1111, 6616, 1367, 3289, 90, 1370, 2394, 4829, 5466, 349, 3680, 3034, 867, 3039, 1504, 6623, 997, 5481, 106, 1387, 7020, 7019, 2415, 369, 7537]"
3.0000000000000018,112.02,0.7164865521263788,"[392, 171, 780]"
19.000000000000004,276.83,0.5273722832212269,"[65, 802, 483, 1220, 392, 137, 521, 168, 780, 298, 398, 171, 1609, 945, 5011, 788, 148, 1692, 7068]"
61.0,429.83,0.4485629700504419,"[392, 521, 137, 905, 780, 398, 148, 802, 168, 298, 171, 4143, 945, 4660, 309, 822, 191, 65, 449, 4035, 1220, 7017, 2758, 837, 7238, 5057, 1609, 3141, 1225, 2757, 7501, 4679, 973, 2126, 338, 1364, 6356, 1365, 5079, 1111, 473, 3034, 2394, 5723, 3039, 3680, 1504, 6623, 867, 2407, 5481, 106, 1387, 7020, 7019, 2415, 369, 7537, 4211, 3704, 2427]"
51.0,419.6,0.4587236585322939,"[392, 137, 905, 780, 398, 1550, 148, 3476, 3616, 802, 1189, 298, 171, 1453, 432, 945, 1461, 822, 3512, 191, 1983, 65, 4674, 449, 1220, 2629, 710, 452, 1995, 845, 2254, 1747, 6356, 2646, 1111, 1368, 473, 2394, 5723, 1370, 349, 90, 5466, 3684, 2407, 106, 1387, 2415, 4211, 1654, 5126]"
47.0,390.4,0.4696058204852167,"[1799, 392, 521, 137, 905, 780, 398, 6931, 148, 1692, 802, 168, 298, 171, 1453, 432, 945, 1461, 822, 3512, 191, 1983, 65, 4674, 449, 1220, 2629, 710, 450, 585, 1737, 6992, 1111, 1368, 90, 2394, 5723, 1370, 349, 5466, 3684, 2407, 2245, 1387, 2415, 4211, 1654]"
60.00000000000001,446.2,0.46931510847977664,"[392, 137, 780, 398, 3345, 788, 148, 3476, 802, 5671, 168, 171, 4143, 945, 6835, 1461, 822, 3512, 444, 65, 4674, 449, 1220, 2629, 2758, 4679, 5318, 3656, 585, 6731, 973, 2254, 1747, 4948, 1364, 1111, 1368, 90, 1370, 4187, 349, 862, 5466, 4191, 5723, 1378, 1124, 2407, 5481, 106, 1387, 7019, 7020, 2415, 7537, 369, 4211, 3704, 2427, 5409]"
4.000000000000003,129.98,0.700500615168938,"[392, 137, 168, 171]"
35.0,341.88,0.5006960404166193,"[392, 521, 137, 905, 780, 398, 6931, 148, 1692, 802, 168, 298, 171, 1453, 432, 945, 1461, 822, 3512, 191, 1983, 65, 4674, 1220, 2629, 710, 450, 585, 1737, 6992, 1111, 1368, 90, 1370, 349]"
9.999999999999996,196.2,0.6121088332066896,"[65, 225, 168, 137, 3851, 780, 1611, 398, 4847, 3345]"
4.000000000000003,116.07,0.6910854446112339,"[802, 392, 168, 780]"
18.000000000000004,276.28,0.5398729815049971,"[392, 137, 521, 780, 398, 5011, 788, 148, 7068, 1692, 802, 168, 298, 171, 945, 65, 1609, 483]"
22.999999999999996,295.07,0.5421393892951802,"[392, 521, 137, 780, 398, 788, 148, 168, 298, 171, 945, 51, 1461, 309, 822, 191, 65, 1111, 5723, 349, 2654, 607, 5014]"
61.0,430.76,0.46060246215169176,"[392, 137, 905, 2697, 780, 398, 148, 3476, 802, 3618, 298, 171, 432, 945, 6835, 1461, 822, 3512, 65, 4674, 449, 1220, 2757, 2758, 4679, 5318, 585, 710, 6731, 1737, 973, 2254, 1111, 2516, 215, 90, 1370, 4187, 349, 862, 5466, 3034, 2394, 3549, 3039, 6623, 1376, 1250, 1124, 3684, 1638, 2407, 5481, 1387, 7020, 7019, 1774, 2415, 7537, 365, 5596]"
53.0,428.57,0.4640874995279476,"[5126, 392, 137, 905, 780, 398, 6745, 148, 3476, 3616, 802, 1189, 298, 171, 1453, 432, 945, 4660, 309, 822, 191, 65, 449, 4035, 2242, 1220, 2629, 2757, 7492, 452, 710, 585, 973, 845, 1747, 6356, 2646, 1111, 1368, 473, 2394, 5723, 1370, 349, 90, 5466, 3684, 2407, 106, 1387, 2415, 4211, 1654]"
48.0,405.6,0.46271442983872646,"[902, 392, 521, 137, 905, 780, 398, 6931, 148, 802, 168, 298, 171, 945, 4660, 309, 822, 6332, 191, 1983, 65, 449, 4035, 4674, 1220, 2629, 2757, 7492, 452, 710, 1737, 5189, 1111, 1368, 90, 1370, 4187, 349, 862, 5466, 2394, 4191, 1250, 1124, 3684, 4211, 1654, 5157]"
3.0000000000000018,112.31,0.7459814017907855,"[392, 171, 168]"
87.0,485.78,0.4594380960315749,"[65, 4674, 5698, 2629, 585, 2646, 1111, 90, 5723, 3684, 106, 137, 148, 150, 171, 6829, 191, 3265, 2242, 1220, 2757, 710, 1747, 6356, 3851, 780, 3345, 298, 309, 822, 7492, 845, 1368, 2394, 1370, 5466, 349, 1387, 7019, 2415, 7537, 5494, 2427, 384, 7552, 6020, 5508, 3463, 392, 905, 3976, 1930, 4488, 904, 398, 1942, 2455, 4505, 1434, 2461, 7072, 5032, 1453, 945, 7601, 1461, 4535, 4542, 449, 4035, 452, 1995, 973, 5582, 3025, 4052, 5079, 6616, 473, 3549, 6623, 997, 1512, 6125, 4085, 3070, 5183]"
62.0,443.35,0.4642198303196773,"[392, 137, 780, 398, 3616, 802, 5671, 168, 298, 171, 4143, 822, 1213, 65, 449, 4674, 2242, 1220, 2629, 2757, 7492, 4035, 710, 585, 1995, 1747, 6356, 2646, 1111, 1368, 473, 2394, 5723, 1370, 90, 1895, 3549, 3039, 225, 6623, 483, 4187, 3684, 349, 862, 2407, 1376, 1250, 106, 1387, 1124, 1638, 5481, 2415, 7020, 7019, 1774, 4211, 7537, 365, 5596, 5245]"
88.0,490.08,0.46139252590754576,"[4660, 65, 4674, 5698, 2629, 585, 2646, 1111, 90, 5723, 3684, 106, 137, 148, 150, 171, 6829, 191, 3265, 2242, 1220, 2757, 710, 1747, 5794, 3851, 780, 3345, 802, 298, 309, 822, 7492, 845, 1368, 2394, 1370, 5466, 349, 1387, 7019, 2415, 7537, 5494, 2427, 384, 7552, 6020, 5508, 3463, 392, 905, 3976, 1930, 4488, 904, 398, 1942, 2455, 4505, 1434, 2461, 7072, 5032, 1453, 945, 7601, 1461, 4535, 4542, 449, 4035, 452, 1995, 973, 5582, 3025, 4052, 5079, 6616, 473, 3549, 6623, 997, 1512, 6125, 4085, 3070]"
39.0,386.96,0.5055134187437296,"[392, 137, 905, 780, 398, 1550, 3345, 2449, 6931, 788, 148, 5671, 168, 298, 171, 4143, 945, 6835, 1461, 822, 3512, 65, 4674, 449, 2629, 2758, 4679, 5318, 3656, 585, 6731, 2757, 973, 710, 1737, 1111, 215, 90, 1370]"
8.999999999999996,187.55,0.6105769808987548,"[65, 225, 168, 137, 3851, 780, 1611, 398, 6043]"
52.0,420.04,0.4660389379106784,"[392, 137, 398, 3345, 148, 3476, 150, 1305, 802, 168, 298, 171, 7466, 1453, 432, 945, 4660, 309, 822, 191, 65, 449, 4035, 2242, 1220, 2629, 2757, 7492, 452, 710, 585, 973, 845, 1747, 6356, 2646, 1111, 1368, 473, 2394, 5723, 1370, 349, 90, 5466, 3684, 2407, 106, 1387, 2415, 4211, 6953]"
84.0,484.03,0.462837357170796,"[5132, 65, 1111, 90, 5723, 3684, 106, 137, 148, 150, 5794, 168, 171, 6829, 191, 3265, 2242, 1220, 2757, 710, 1747, 3851, 780, 3345, 802, 298, 309, 822, 7492, 845, 1368, 2394, 1370, 5466, 349, 1387, 7019, 2415, 369, 7537, 5494, 2427, 7552, 6020, 5508, 3463, 392, 905, 3976, 1930, 4488, 904, 398, 1942, 2455, 4505, 1434, 2461, 7072, 5032, 1453, 945, 7601, 1461, 4535, 4542, 449, 4035, 452, 1995, 973, 5582, 3025, 4052, 5079, 6616, 473, 3549, 6623, 997, 1512, 6125, 4085, 3070]"
10.999999999999998,211.75,0.5776210144806035,"[65, 392, 137, 521, 168, 780, 298, 171, 2865, 945, 150]"
7.000000000000005,157.58,0.6213740672997391,"[65, 392, 168, 780, 5132, 369, 148]"
26.0,318.69,0.5265012597555465,"[392, 521, 137, 905, 780, 398, 6931, 148, 1692, 802, 168, 822, 5049, 191, 65, 449, 4035, 7492, 837, 215, 90, 1370, 4187, 372, 862, 483]"
5.0000000000000036,119.83,0.6542026377011729,"[65, 137, 521, 168, 780]"
27.0,305.84,0.5196624022976117,"[6533, 137, 905, 2697, 780, 398, 148, 3476, 945, 4660, 309, 822, 5049, 191, 65, 449, 4035, 7492, 709, 837, 215, 90, 1370, 4187, 349, 862, 483]"
2.000000000000001,70.47,0.7291019160278712,"[65, 168]"
50.0,411.94,0.47317550187607016,"[5126, 392, 137, 905, 780, 398, 148, 3476, 3616, 802, 1189, 298, 171, 1453, 432, 945, 4660, 309, 822, 191, 65, 449, 4035, 2242, 2629, 2757, 7492, 452, 710, 585, 973, 845, 1747, 6356, 2646, 1111, 1368, 473, 2394, 5723, 1370, 349, 90, 5466, 3684, 2407, 106, 1387, 2415, 4211]"
2.000000000000001,37.94,0.7099507170780186,"[65, 137]"
36.0,350.5,0.49692682914699926,"[902, 392, 521, 137, 905, 780, 398, 6931, 148, 802, 5157, 168, 298, 171, 945, 1461, 822, 3512, 191, 1983, 65, 4674, 449, 1220, 2629, 710, 4512, 585, 1737, 6992, 1111, 1368, 90, 1370, 4187, 349]"
17.000000000000004,256.58,0.5438290259213475,"[65, 802, 483, 1220, 392, 521, 137, 780, 168, 398, 298, 171, 945, 1609, 6931, 148, 1692]"
26.0,289.13,0.5157313007195604,"[392, 521, 137, 905, 780, 398, 6931, 148, 5011, 3476, 802, 298, 171, 432, 945, 6835, 1461, 822, 1085, 65, 4674, 449, 1220, 837, 7238, 1404]"
81.0,475.22,0.4754053555846356,"[65, 2646, 1111, 90, 5723, 3684, 106, 137, 148, 150, 171, 6829, 191, 3265, 2242, 1220, 2757, 710, 1747, 6356, 3851, 780, 3345, 298, 309, 822, 830, 7492, 845, 1368, 2394, 1370, 5466, 349, 2407, 1387, 7019, 2415, 5494, 2427, 7552, 6020, 5508, 3463, 392, 905, 3976, 1930, 4488, 904, 398, 1942, 2455, 4505, 1434, 2461, 5032, 1453, 945, 7601, 1461, 4535, 6873, 449, 4035, 452, 1995, 973, 5582, 3025, 4052, 5079, 6616, 473, 3549, 6623, 997, 1512, 6125, 4085, 3070]"
83.0,486.92,0.4663301373518586,"[5132, 65, 1111, 90, 5723, 3684, 106, 137, 148, 150, 168, 171, 6829, 191, 3265, 2242, 1220, 2757, 710, 1747, 3851, 780, 3345, 802, 298, 309, 822, 7492, 845, 1368, 2394, 1370, 5466, 349, 1387, 7019, 2415, 369, 7537, 5494, 2427, 7552, 6020, 5508, 3463, 392, 905, 3976, 1930, 4488, 904, 398, 1942, 2455, 4505, 1434, 2461, 7072, 5032, 1453, 945, 7601, 1461, 4535, 4542, 449, 4035, 452, 1995, 973, 5582, 3025, 4052, 5079, 6616, 473, 3549, 6623, 997, 1512, 6125, 4085, 3070]"
38.0,373.09,0.503581771194302,"[392, 137, 905, 780, 398, 1550, 3345, 2449, 6931, 788, 148, 5671, 168, 298, 171, 4143, 945, 6835, 1461, 822, 3512, 65, 4674, 449, 2629, 2758, 4679, 3656, 585, 6731, 2757, 973, 710, 1737, 1111, 215, 90, 1370]"
7.999999999999995,185.45,0.6251539408168706,"[65, 225, 168, 137, 3851, 780, 1611, 398]"
5.0000000000000036,123.11,0.6583309376551709,"[802, 392, 521, 137, 168]"
69.0,463.25,0.48425270597706227,"[392, 137, 521, 780, 398, 3345, 6931, 788, 148, 1942, 2455, 153, 4505, 665, 1434, 2461, 7072, 5671, 168, 5032, 298, 171, 6829, 1453, 4143, 945, 7601, 309, 822, 1461, 4535, 191, 5183, 65, 4674, 5698, 3265, 2629, 2242, 1220, 2757, 585, 710, 7492, 4035, 845, 1995, 973, 1747, 6356, 449, 2646, 1111, 1368, 90, 5723, 2394, 1370, 5466, 349, 452, 3684, 106, 1387, 7019, 2415, 7537, 5494, 2427]"
88.0,490.1,0.47306778864667576,"[5183, 65, 4674, 5698, 2629, 585, 2646, 1111, 90, 5723, 3684, 106, 137, 148, 150, 171, 6829, 191, 3265, 2242, 1220, 2757, 710, 1747, 6356, 3851, 780, 3345, 298, 309, 822, 7492, 845, 1368, 2394, 1370, 5466, 349, 1387, 7019, 2415, 7537, 5494, 2427, 384, 7552, 6020, 5508, 3463, 392, 905, 3976, 1930, 4488, 904, 398, 1942, 2455, 4505, 1434, 2461, 7072, 5032, 1453, 945, 7601, 1461, 4535, 4542, 449, 4035, 452, 1995, 973, 5582, 3025, 4052, 5079, 6616, 473, 3549, 6623, 997, 1512, 6125, 4085, 3070, 3999]"
66.0,446.19,0.4409256949492504,"[392, 521, 137, 905, 780, 2697, 398, 148, 3476, 3616, 802, 298, 171, 1453, 432, 945, 4660, 309, 822, 191, 65, 5057, 4035, 7492, 837, 3141, 452, 1220, 1225, 2757, 4679, 2758, 7501, 973, 2126, 7112, 1370, 5723, 90, 3549, 3039, 6623, 225, 4187, 483, 349, 862, 1376, 2407, 1250, 1124, 5738, 106, 1387, 1638, 5481, 2415, 7020, 7019, 1774, 4211, 7537, 365, 4218, 5596, 5245]"
4.000000000000003,72.61,0.6760537699179967,"[392, 65, 137, 2238]"
25.0,320.47,0.5388941078886443,"[1799, 392, 521, 137, 780, 398, 6931, 148, 1692, 802, 168, 822, 191, 65, 449, 4035, 7492, 837, 215, 90, 1370, 4187, 349, 862, 483]"
65.0,445.39,0.45040441746437887,"[5126, 392, 137, 6066, 780, 398, 148, 3476, 3616, 802, 1189, 298, 171, 1453, 432, 945, 4660, 309, 822, 191, 65, 449, 4035, 2242, 1220, 2629, 2757, 7492, 452, 710, 585, 973, 845, 1747, 6356, 2646, 1111, 1368, 6745, 473, 2394, 5723, 1370, 349, 4187, 862, 1376, 1250, 483, 1124, 5596, 1638, 2407, 5481, 5738, 106, 1387, 7020, 7019, 2415, 1774, 7537, 365, 4211, 5245]"
64.0,441.68,0.44515000007689454,"[392, 521, 137, 905, 780, 2697, 398, 148, 3476, 3616, 802, 298, 171, 1453, 432, 945, 4660, 309, 822, 191, 65, 449, 4035, 7492, 837, 5057, 3141, 452, 1225, 1220, 2757, 4679, 7501, 2758, 973, 2126, 7112, 1370, 5723, 90, 5466, 3549, 3039, 6623, 225, 4187, 483, 349, 862, 1376, 2407, 1250, 1124, 5738, 106, 1387, 1638, 5481, 2415, 7020, 7019, 1774, 4211, 785]"
2.000000000000001,47.27,0.7208379621663182,"[392, 65]"
44.00000000000001,400.27,0.5002070616387412,"[392, 521, 137, 905, 780, 2697, 398, 148, 788, 4631, 5671, 168, 298, 171, 4143, 945, 6835, 1461, 822, 3512, 65, 4674, 449, 1220, 2629, 6982, 2758, 4679, 5318, 585, 2757, 6731, 710, 973, 1737, 1111, 1368, 215, 90, 1370, 4187, 349, 862, 2477]"
37.0,365.81,0.49548589585533764,"[392, 137, 521, 398, 5011, 788, 148, 1692, 802, 168, 298, 171, 945, 1461, 822, 3512, 1983, 191, 65, 4674, 449, 1220, 2629, 710, 450, 1609, 585, 1737, 6992, 1111, 1368, 90, 1370, 4187, 349, 862, 483]"
42.0,398.21,0.4812040998946563,"[392, 137, 780, 398, 3345, 148, 3476, 150, 1305, 168, 171, 2477, 4143, 945, 6835, 1461, 822, 3512, 1213, 65, 4674, 449, 1220, 2629, 6982, 2758, 4679, 5318, 585, 2757, 6731, 710, 973, 1737, 1111, 1368, 215, 90, 1370, 4187, 349, 276]"
82.0,475.39,0.46670741162007623,"[5132, 65, 1111, 90, 5723, 3684, 106, 137, 148, 150, 5794, 168, 171, 6829, 191, 3265, 2242, 1220, 2757, 710, 1747, 3851, 780, 3345, 802, 298, 309, 822, 7492, 845, 1368, 2394, 1370, 5466, 1387, 7019, 2415, 369, 7537, 5494, 2427, 7552, 6020, 5508, 3463, 392, 905, 3976, 1930, 4488, 904, 398, 1942, 2455, 4505, 1434, 2461, 7072, 5032, 1453, 945, 7601, 1461, 4535, 4542, 449, 4035, 452, 1995, 973, 5582, 3025, 4052, 5079, 6616, 473, 3549, 6623, 997, 1512, 6125, 4085]"
9.999999999999996,184.31,0.5921906105820096,"[65, 137, 521, 168, 780, 298, 171, 2865, 945, 150]"
22.999999999999996,304.78,0.542220914330282,"[392, 137, 780, 398, 788, 148, 3476, 802, 5671, 168, 171, 4143, 945, 6835, 822, 3512, 1213, 65, 4674, 90, 4187, 349, 4733]"
35.0,364.09,0.5078619456561694,"[392, 137, 905, 780, 398, 1550, 3345, 2449, 6931, 788, 148, 5671, 168, 298, 171, 945, 6835, 1461, 822, 3512, 65, 4674, 449, 2629, 2758, 4679, 3656, 585, 2757, 6731, 710, 973, 1737, 1111, 215]"
33.99999999999999,339.36,0.5022936591144542,"[392, 521, 137, 905, 780, 398, 802, 168, 298, 171, 4143, 945, 6835, 1461, 822, 3512, 65, 4674, 449, 1220, 2629, 2758, 3656, 585, 2757, 6731, 710, 973, 1737, 1111, 215, 90, 1370, 483]"
21.999999999999996,288.39,0.5299560308056588,"[392, 521, 137, 780, 398, 6931, 802, 168, 2132, 171, 945, 3512, 1213, 65, 4674, 1220, 1609, 90, 4187, 349, 483, 4733]"
26.0,294.18,0.5182249802431186,"[902, 392, 521, 137, 905, 780, 398, 6931, 148, 802, 5157, 168, 298, 171, 945, 4660, 309, 822, 6332, 191, 1983, 65, 449, 4674, 1220, 2629]"
69.0,459.67,0.43783700320714614,"[392, 521, 137, 905, 780, 2697, 398, 148, 3476, 3616, 802, 298, 171, 1453, 432, 945, 4660, 309, 822, 191, 65, 449, 4035, 7492, 837, 5057, 3141, 452, 1225, 1220, 2757, 4679, 7501, 2758, 973, 2126, 7112, 1370, 5723, 90, 5466, 3549, 3039, 6623, 225, 4187, 483, 349, 862, 1376, 2407, 1250, 1124, 5738, 106, 1387, 1638, 5481, 2415, 7020, 7019, 1774, 4211, 7537, 365, 4218, 5596, 5245, 4614]"
51.0,419.88,0.4731512176314089,"[392, 137, 398, 3345, 148, 3476, 150, 1305, 802, 1189, 298, 171, 1453, 432, 945, 4660, 309, 822, 191, 65, 449, 2242, 1220, 2629, 2757, 7492, 452, 710, 585, 973, 845, 1747, 6356, 2646, 1111, 1368, 6745, 473, 2394, 5723, 1370, 349, 5466, 3684, 2407, 106, 1387, 2415, 4211, 1654, 2682]"
60.00000000000001,425.7,0.46289536481850313,"[392, 137, 905, 780, 398, 1550, 3345, 2449, 6931, 788, 148, 5671, 168, 298, 822, 65, 3393, 449, 1220, 4035, 7492, 837, 7291, 973, 2126, 3790, 3025, 338, 5079, 6616, 1111, 3289, 90, 1370, 2394, 349, 4829, 5466, 3680, 3034, 483, 867, 3039, 1504, 6623, 2407, 5481, 106, 1387, 7020, 7019, 2415, 369, 7537, 4211, 3704, 5723, 2427, 4860, 4653]"
50.0,418.57,0.4763475126875455,"[392, 137, 398, 3345, 148, 3476, 150, 1305, 802, 1189, 298, 171, 1453, 432, 4660, 309, 822, 191, 65, 449, 2242, 1220, 2629, 2757, 7492, 452, 710, 585, 973, 845, 1747, 6356, 2646, 1111, 1368, 6745, 473, 2394, 5723, 1370, 349, 90, 5466, 3684, 2407, 106, 1387, 2415, 4211, 1654]"
3.0000000000000018,107.49,0.6996130295021175,"[392, 137, 168]"
66.0,447.78,0.44276493323236943,"[392, 521, 137, 2825, 780, 4617, 398, 4241, 3345, 914, 148, 3476, 150, 2455, 278, 945, 4660, 309, 822, 191, 65, 5057, 4035, 7492, 837, 3141, 452, 1220, 1225, 2757, 4679, 2758, 7501, 973, 2126, 7112, 1370, 5723, 90, 3549, 4187, 3039, 6623, 225, 349, 483, 862, 1376, 1250, 2407, 1124, 1638, 5738, 106, 1387, 5481, 7020, 2150, 7019, 1774, 7537, 4211, 365, 4218, 5596, 5245]"
22.999999999999996,308.45,0.5518324640154572,"[1799, 392, 521, 137, 780, 398, 148, 1692, 802, 168, 822, 191, 65, 449, 4035, 7492, 837, 215, 90, 1370, 4187, 349, 5917]"
15.000000000000002,244.26,0.552441595444298,"[65, 802, 483, 1220, 392, 521, 137, 168, 780, 298, 398, 171, 1609, 945, 5822]"
17.000000000000004,231.82,0.5349000258207764,"[65, 802, 483, 1220, 392, 1609, 521, 137, 905, 780, 168, 398, 298, 4143, 945, 148, 3362]"
36.0,361.74,0.49704771962609984,"[392, 521, 137, 905, 780, 2697, 398, 148, 788, 4631, 5671, 168, 298, 171, 2477, 4143, 945, 822, 3512, 191, 1983, 65, 4674, 449, 1220, 2629, 710, 585, 1737, 6992, 1111, 1368, 90, 6682, 4187, 349]"
56.00000000000001,432.47,0.4721762779430594,"[392, 137, 398, 3345, 148, 788, 3476, 802, 5671, 168, 171, 4143, 945, 6835, 1461, 822, 3512, 65, 4674, 449, 1220, 2629, 2758, 4679, 5318, 3656, 585, 6731, 973, 2254, 1747, 4948, 1364, 1111, 1368, 90, 1370, 4187, 349, 862, 5466, 4191, 5723, 1378, 1124, 2407, 5481, 106, 1387, 7019, 7020, 2415, 369, 4211, 3704, 2427]"
2.000000000000001,71.57,0.7517048430948405,"[168, 802]"
10.999999999999998,198.4,0.5768040122581328,"[65, 392, 137, 521, 168, 780, 298, 171, 2865, 945, 4117]"
72.0,466.61,0.4708270375733026,"[392, 137, 904, 521, 780, 398, 3345, 5011, 788, 148, 150, 2455, 1942, 4505, 1434, 7068, 1692, 2461, 7072, 802, 168, 5032, 298, 171, 6829, 1453, 945, 7601, 309, 822, 1461, 4535, 4542, 191, 5183, 65, 4674, 5698, 3265, 2629, 2242, 1220, 2757, 585, 710, 7492, 4035, 845, 1995, 973, 1747, 6356, 449, 2646, 1111, 1368, 90, 5723, 2394, 1370, 5466, 349, 452, 3684, 106, 1387, 7019, 2415, 7537, 5494, 2427, 2485]"
27.0,341.21,0.5275649502743015,"[392, 137, 780, 398, 788, 148, 3476, 802, 5671, 168, 171, 4143, 945, 6835, 65, 449, 4035, 84, 709, 837, 215, 90, 1370, 4187, 349, 862, 483]"
10.999999999999998,231.01,0.5913908552426764,"[65, 392, 137, 168, 171, 780, 1609, 398, 945, 788, 2213]"
83.0,480.82,0.4602217391821485,"[521, 6156, 65, 1111, 90, 5723, 3684, 106, 137, 148, 150, 168, 171, 6829, 191, 3265, 2242, 1220, 2757, 710, 1747, 6356, 3851, 780, 802, 298, 309, 822, 7492, 845, 1368, 2394, 1370, 5466, 349, 1387, 7019, 2415, 7537, 5494, 2427, 384, 7552, 6020, 5508, 3463, 392, 905, 3976, 1930, 4488, 904, 398, 1942, 2455, 4505, 1434, 2461, 7072, 5032, 1453, 945, 7601, 1461, 4535, 4542, 449, 4035, 452, 1995, 973, 5582, 3025, 4052, 5079, 6616, 473, 3549, 6623, 483, 997, 1512, 6125]"
13.0,193.59,0.5554263935101086,"[65, 392, 137, 521, 168, 780, 298, 189, 2865, 945, 4117, 150, 5719]"
31.000000000000004,362.48,0.519173727735788,"[392, 137, 780, 398, 3345, 788, 148, 3476, 802, 5671, 168, 171, 4143, 945, 6835, 1461, 822, 3512, 65, 4674, 449, 1220, 2629, 283, 215, 90, 1370, 349, 862, 225, 1911]"
55.0,413.13,0.4582493984242101,"[392, 521, 137, 905, 780, 2697, 398, 148, 3476, 3616, 802, 298, 171, 1453, 432, 945, 4660, 309, 822, 191, 65, 5057, 4035, 7492, 837, 3141, 452, 1220, 1225, 2757, 4679, 2758, 7501, 973, 2126, 7112, 1370, 5723, 90, 3549, 4187, 3039, 6623, 225, 483, 862, 106, 1387, 7019, 7020, 2415, 369, 4211, 3704, 2427]"
14.0,214.44,0.5504653056840817,"[65, 483, 1220, 392, 1609, 137, 905, 780, 168, 398, 298, 4143, 945, 148]"
37.0,366.2,0.50959166878349,"[392, 137, 398, 1550, 3345, 2449, 6931, 788, 148, 3492, 168, 298, 171, 4143, 945, 6835, 1461, 822, 3512, 65, 4674, 449, 2629, 2758, 4679, 3656, 585, 2757, 6731, 710, 973, 1737, 6864, 1111, 215, 90, 1370]"
35.0,355.22,0.5029076673868604,"[392, 521, 137, 905, 780, 398, 802, 168, 298, 171, 945, 1461, 822, 3512, 191, 1983, 65, 4674, 449, 1220, 2629, 710, 450, 1609, 585, 1737, 6992, 1111, 1368, 90, 1370, 7601, 349, 862, 483]"
79.0,473.72,0.46529053061269265,"[5183, 65, 5698, 2629, 585, 2646, 1111, 90, 5723, 3684, 106, 137, 148, 150, 171, 6829, 191, 3265, 2242, 1220, 2757, 710, 1747, 6356, 3851, 780, 3345, 298, 309, 822, 7492, 845, 4948, 1368, 2394, 1370, 5466, 349, 1387, 7019, 2415, 7537, 5494, 2427, 384, 7552, 6020, 5508, 3463, 392, 905, 3976, 1930, 4488, 904, 398, 1942, 2455, 4505, 1434, 2461, 3999, 7072, 5032, 1453, 945, 7601, 1461, 4535, 4542, 449, 4035, 452, 1995, 973, 5582, 3025, 4052, 5079]"
78.0,474.37,0.48311392333957226,"[521, 5671, 4143, 5183, 65, 4674, 5698, 2629, 585, 2646, 1111, 90, 5723, 3684, 106, 137, 148, 665, 153, 168, 171, 6829, 191, 3265, 2242, 1220, 2757, 710, 1747, 6356, 780, 3345, 6931, 788, 298, 822, 7492, 845, 1368, 2394, 1370, 5466, 349, 1387, 7019, 2415, 392, 398, 1942, 2455, 4505, 1434, 2461, 7072, 5032, 1453, 945, 7601, 1461, 4535, 449, 4035, 452, 1995, 973, 5582, 3025, 4052, 5079, 6616, 473, 3549, 6623, 997, 1512, 6125, 4085, 3070]"
44.00000000000001,383.57,0.4712345283641768,"[392, 521, 137, 905, 780, 398, 802, 5157, 168, 298, 171, 945, 4660, 309, 822, 6332, 191, 1983, 65, 449, 4035, 4674, 1220, 2629, 2757, 7492, 452, 710, 1737, 5189, 1111, 1368, 90, 1370, 4187, 349, 862, 5466, 2394, 4191, 1250, 3684, 4211, 1654]"
33.99999999999999,330.67,0.4933677025028318,"[137, 905, 780, 398, 148, 3476, 4631, 6682, 3616, 5671, 168, 298, 171, 2477, 4143, 945, 822, 3512, 191, 1983, 65, 4674, 449, 1220, 2629, 710, 585, 1737, 6992, 1111, 1368, 90, 4187, 349]"
43.00000000000001,399.22,0.47881554402091875,"[392, 137, 780, 398, 3345, 148, 3476, 150, 276, 1305, 168, 171, 2477, 4143, 945, 6835, 1461, 822, 3512, 1213, 65, 4674, 449, 1220, 2629, 6982, 2758, 4679, 5318, 585, 2757, 6731, 710, 973, 1737, 1111, 1368, 215, 90, 1370, 4187, 349, 2244]"
30.000000000000004,274.06,0.5044194415275389,"[902, 392, 521, 137, 905, 780, 398, 6931, 148, 802, 5157, 168, 298, 945, 4660, 309, 822, 6332, 191, 1983, 65, 449, 4035, 1220, 2629, 2757, 7492, 452, 710, 1737]"
7.000000000000005,171.49,0.6337878689998487,"[392, 137, 521, 171, 168, 369, 148]"
11.999999999999998,207.5,0.5753028942083259,"[65, 392, 137, 521, 168, 5132, 298, 171, 2865, 945, 4117, 115]"
8.999999999999996,194.89,0.6213767530994724,"[65, 225, 168, 137, 3851, 780, 1611, 398, 1707]"
38.0,369.62,0.49902831228245126,"[392, 521, 137, 905, 780, 2697, 398, 148, 788, 4631, 5671, 168, 298, 171, 2477, 4143, 945, 6835, 1461, 822, 3512, 65, 4674, 449, 1220, 2629, 6982, 2758, 585, 2757, 6731, 710, 973, 1737, 1111, 1368, 215, 90]"
25.0,300.75,0.5314737590534905,"[392, 137, 780, 398, 3345, 148, 3476, 150, 1305, 168, 822, 3512, 1213, 65, 4674, 1611, 594, 851, 2262, 90, 1370, 4187, 349, 4847, 3256]"
65.0,441.44,0.4449684758646828,"[392, 521, 137, 905, 780, 2697, 398, 148, 3476, 3616, 802, 298, 171, 1453, 432, 945, 4660, 309, 822, 191, 65, 5057, 4035, 7492, 837, 3141, 452, 1220, 1225, 2757, 4679, 2758, 7501, 973, 2126, 7112, 1370, 5723, 90, 3549, 4187, 3039, 6623, 225, 349, 483, 862, 1376, 1250, 2407, 1124, 1638, 5738, 106, 1387, 5481, 7020, 2415, 7019, 1774, 7537, 4211, 365, 4218, 3861]"
16.0,258.48,0.5534833717516275,"[65, 483, 392, 137, 521, 168, 780, 3544, 398, 171, 1609, 945, 5011, 788, 148, 7068]"
66.99999999999999,462.89,0.43809145010728334,"[5126, 392, 137, 905, 780, 398, 148, 3476, 3616, 802, 1189, 298, 171, 1453, 432, 945, 4660, 309, 822, 191, 65, 449, 4035, 2242, 1220, 2629, 2757, 7492, 710, 585, 973, 845, 1747, 6356, 2646, 1111, 1370, 5723, 90, 5466, 3549, 3039, 6623, 225, 4187, 483, 349, 862, 1376, 2407, 1250, 1124, 5738, 106, 1387, 1638, 5481, 2415, 7020, 7019, 1774, 4211, 7537, 365, 4218, 5596, 5245]"
86.0,489.17,0.46055530977315284,"[521, 65, 1609, 585, 2646, 1111, 90, 5723, 3684, 106, 137, 148, 150, 171, 6829, 191, 3265, 2242, 1220, 2757, 710, 1747, 6356, 780, 3345, 802, 298, 309, 822, 7492, 845, 1368, 2394, 1370, 5466, 349, 2407, 1387, 7019, 2415, 7537, 5494, 2427, 7552, 6020, 5508, 3463, 392, 905, 3976, 1930, 4488, 904, 398, 1942, 2455, 4505, 1434, 2461, 7072, 5032, 1453, 945, 7601, 1461, 4535, 4542, 449, 4035, 452, 1995, 973, 5582, 3025, 4052, 5079, 6616, 473, 3549, 6623, 483, 997, 1512, 6125, 4085, 3070]"
40.0,365.83,0.48376422004458486,"[392, 137, 780, 398, 3345, 148, 3476, 150, 276, 1305, 168, 171, 2477, 4143, 945, 6835, 1461, 822, 3512, 1213, 65, 4674, 449, 2244, 1220, 2629, 6982, 2758, 4679, 5318, 585, 2757, 6731, 710, 973, 1737, 1111, 1368, 215, 2525]"
31.000000000000004,306.28,0.49945557295958165,"[137, 905, 780, 398, 148, 3476, 6682, 3616, 5671, 168, 298, 171, 2477, 4143, 945, 822, 3512, 191, 1983, 65, 4674, 449, 2629, 710, 585, 1737, 6992, 1111, 1368, 90, 4187]"
52.0,425.92,0.4664059205264749,"[392, 521, 137, 905, 780, 2697, 398, 148, 3476, 3616, 802, 298, 171, 1453, 432, 945, 4660, 309, 822, 191, 65, 449, 4035, 2242, 1220, 2629, 2757, 7492, 452, 710, 585, 973, 845, 1747, 6356, 2646, 1111, 1368, 6745, 473, 2394, 5723, 1370, 349, 90, 5466, 3684, 2407, 106, 1387, 2415, 1654]"
82.0,478.9,0.47010259806149357,"[5183, 65, 5698, 2629, 585, 2646, 1111, 90, 5723, 3684, 106, 137, 148, 150, 171, 6829, 191, 3265, 2242, 1220, 2757, 710, 1747, 6356, 3851, 780, 3345, 298, 309, 822, 7492, 845, 4948, 1368, 2394, 1370, 5466, 349, 1387, 7019, 2415, 7537, 5494, 2427, 384, 7552, 6020, 5508, 3463, 392, 905, 3976, 1930, 4488, 904, 398, 1942, 2455, 4505, 1434, 2461, 3999, 7072, 5032, 1453, 945, 7601, 1461, 4535, 4542, 449, 4035, 452, 1995, 973, 5582, 3025, 4052, 5079, 6616, 473, 4654]"
49.0,418.08,0.4761593643579666,"[392, 137, 521, 780, 398, 5011, 1692, 802, 168, 298, 171, 945, 309, 822, 191, 65, 449, 2242, 1220, 2629, 2757, 7492, 452, 1609, 710, 585, 973, 845, 1747, 6356, 2646, 1111, 1368, 6745, 473, 2394, 5723, 1370, 349, 90, 5466, 483, 3684, 2407, 106, 1387, 6948, 4211, 1654]"
37.0,361.27,0.49426924908827297,"[392, 521, 137, 905, 780, 2697, 398, 148, 788, 4631, 6682, 5671, 168, 298, 171, 2477, 4143, 945, 822, 3512, 191, 1983, 65, 4674, 449, 1220, 2629, 710, 585, 1737, 6992, 1111, 1368, 90, 4187, 349, 1423]"
4.000000000000003,128.26,0.6922099402580731,"[225, 802, 168, 780]"
17.000000000000004,285.46,0.5600730024108882,"[225, 802, 483, 392, 137, 1712, 168, 780, 171, 398, 1609, 945, 5011, 788, 148, 2519, 1692]"
53.0,400.98,0.4540439972708906,"[392, 521, 137, 905, 780, 2697, 398, 3476, 3616, 802, 298, 171, 1453, 432, 945, 4660, 309, 822, 191, 65, 5057, 4035, 7492, 837, 3141, 452, 1220, 1225, 2757, 4679, 2758, 7501, 973, 2126, 7112, 1370, 5723, 90, 3549, 4187, 3039, 6623, 225, 862, 483, 106, 1387, 7019, 7020, 2415, 369, 4211, 3704]"
28.0,283.11,0.5058697631333243,"[392, 521, 137, 905, 780, 2697, 398, 148, 3476, 3616, 802, 298, 171, 1453, 432, 945, 4660, 309, 822, 191, 65, 449, 4035, 2242, 1220, 2629, 2757, 294]"
14.0,251.2,0.5788173902541947,"[225, 802, 483, 392, 137, 168, 171, 780, 1609, 398, 1712, 945, 5011, 1326]"
30.000000000000004,357.54,0.5153627306885338,"[392, 137, 780, 398, 3345, 788, 148, 3476, 283, 802, 5671, 168, 171, 4143, 945, 6835, 1461, 822, 3512, 65, 4674, 449, 1220, 2629, 215, 90, 1370, 349, 862, 225]"
19.999999999999993,303.98,0.5435252186663945,"[392, 137, 780, 398, 788, 148, 3476, 802, 5671, 168, 65, 449, 4035, 7492, 837, 215, 90, 4187, 349, 7135]"
45.99999999999999,392.99,0.47431987796619435,"[392, 137, 905, 521, 780, 398, 6931, 148, 802, 5157, 168, 298, 171, 945, 4660, 309, 822, 6332, 191, 1983, 65, 449, 4035, 4674, 1220, 2629, 2757, 7492, 452, 710, 1737, 5189, 1111, 1368, 90, 1370, 4187, 349, 862, 5466, 4191, 1250, 1124, 3684, 4211, 1654]"
7.999999999999995,164.65,0.6092849951338686,"[65, 483, 392, 137, 521, 168, 780, 398]"
17.000000000000004,269.96,0.5467255875552408,"[65, 802, 483, 392, 137, 521, 168, 780, 298, 398, 171, 1609, 945, 5011, 788, 148, 7068]"
24.0,252.92,0.5172107930321058,"[1799, 392, 521, 137, 905, 780, 6931, 148, 802, 5157, 168, 298, 945, 4660, 309, 822, 6332, 191, 1983, 65, 449, 4035, 1220, 2629]"
51.0,426.2,0.48219860919685176,"[5126, 392, 137, 780, 398, 148, 150, 1305, 802, 1189, 298, 171, 1453, 432, 4660, 309, 822, 191, 65, 449, 2242, 1220, 2629, 2757, 7492, 452, 710, 585, 973, 845, 1747, 6356, 2646, 1111, 1368, 6745, 473, 2394, 5723, 1370, 349, 90, 5466, 3684, 2407, 106, 1387, 2415, 4211, 1654, 5452]"
33.0,337.28,0.49752390932000723,"[392, 137, 780, 398, 802, 5157, 168, 298, 171, 945, 4660, 309, 822, 6332, 191, 1983, 65, 449, 4035, 1220, 2629, 2757, 7492, 452, 1451, 710, 1737, 5189, 1111, 1368, 90, 225, 483]"
63.0,439.29,0.4459058492826209,"[392, 137, 905, 2697, 780, 398, 148, 3476, 802, 3618, 298, 171, 432, 945, 6835, 1461, 822, 3512, 65, 4674, 449, 1220, 2757, 2758, 5318, 2629, 7492, 452, 710, 585, 973, 845, 1747, 6356, 2646, 1111, 1368, 6745, 473, 2394, 5723, 1370, 349, 4187, 862, 1376, 1250, 483, 1124, 5596, 1638, 2407, 349, 5738, 106, 1387, 7020, 7019, 2415, 1774, 7537, 365, 4211, 5245]"
26.0,332.81,0.5333510713982796,"[392, 137, 780, 398, 788, 148, 3476, 802, 5671, 168, 171, 4143, 945, 6835, 65, 449, 4035, 709, 84, 215, 90, 1370, 4187, 349, 862, 483]"
65.0,437.74,0.4446783471118976,"[392, 521, 137, 905, 780, 2697, 398, 148, 3476, 3616, 802, 298, 171, 1453, 432, 945, 4660, 309, 822, 191, 65, 5057, 4035, 7492, 837, 3141, 452, 1220, 1225, 2757, 4679, 2758, 7501, 973, 2126, 7112, 1370, 5723, 90, 3549, 4187, 3039, 6623, 225, 349, 483, 862, 1376, 1250, 2407, 1124, 5738, 106, 1387, 5481, 7020, 2415, 7019, 1774, 7537, 4211, 365, 4218, 5596, 5245]"
76.0,466.89,0.457714825571482,"[392, 521, 137, 2825, 780, 398, 4241, 3345, 914, 148, 3476, 150, 2455, 278, 4505, 1434, 665, 1942, 2461, 7072, 5671, 168, 5032, 298, 171, 1453, 945, 7601, 6835, 1461, 822, 440, 1213, 191, 65, 4674, 2883, 449, 4035, 2758, 4679, 452, 1995, 973, 2126, 3790, 5582, 3025, 338, 4052, 1111, 6616, 1367, 3289, 90, 1370, 2394, 4829, 5466, 349, 3680, 3034, 867, 3039, 1504, 6623, 997, 5481, 106, 1387, 7020, 7019, 2415, 369, 7537, 321]"
13.0,232.69,0.5600901934124992,"[65, 802, 483, 137, 168, 171, 780, 1609, 398, 1326, 1712, 945, 5011]"
15.000000000000002,220.24,0.5490147074332213,"[65, 483, 392, 137, 1609, 521, 905, 780, 168, 398, 298, 4143, 945, 148, 3717]"
63.0,443.48,0.44796014708610055,"[5126, 392, 137, 905, 780, 398, 148, 3476, 3616, 802, 1189, 298, 171, 1453, 432, 945, 4660, 309, 822, 191, 65, 449, 4035, 2242, 1220, 2629, 2757, 7492, 710, 585, 973, 845, 1747, 6356, 2646, 1111, 1370, 5723, 90, 5466, 3549, 3039, 6623, 225, 4187, 483, 349, 862, 1376, 2407, 1250, 1124, 5738, 106, 1387, 1638, 5481, 2415, 7020, 7019, 1774, 4211, 2847]"
70.0,449.67,0.4332102505493489,"[1799, 392, 521, 137, 905, 780, 398, 6931, 148, 3476, 3616, 802, 298, 171, 1453, 432, 945, 4660, 309, 822, 7478, 191, 65, 449, 4035, 7492, 837, 5057, 3141, 452, 1225, 1220, 2757, 4679, 7501, 2758, 973, 2126, 7112, 1370, 5723, 90, 5466, 3549, 3039, 6623, 225, 4187, 483, 7422, 862, 1376, 2407, 1250, 1124, 5738, 106, 1387, 1638, 5481, 2415, 7020, 7019, 1774, 4211, 7537, 365, 4218, 5596, 5245]"
33.0,314.53,0.4889048615376186,"[392, 521, 137, 905, 780, 2697, 398, 148, 3476, 3616, 802, 298, 822, 6332, 191, 1983, 65, 449, 4035, 1220, 2629, 2757, 7492, 452, 710, 1737, 5189, 1111, 1368, 90, 225, 483, 6352]"
57.00000000000001,422.72,0.45605977260025066,"[1799, 392, 521, 137, 905, 780, 398, 6931, 148, 802, 5157, 168, 298, 945, 4660, 309, 822, 6332, 191, 1983, 65, 5057, 4035, 7492, 837, 3141, 452, 1220, 1225, 2757, 4679, 2758, 7501, 973, 2126, 7112, 1736, 1370, 5723, 90, 3549, 4187, 3039, 6623, 225, 862, 483, 106, 1387, 7019, 7020, 2415, 369, 4211, 3704, 2427, 6411]"
38.0,367.06,0.4921497757822232,"[392, 521, 137, 905, 780, 2697, 398, 148, 788, 4631, 5671, 168, 298, 171, 2477, 4143, 945, 6835, 1461, 822, 6832, 65, 4674, 449, 1220, 2629, 6982, 2758, 2757, 585, 710, 6731, 1737, 973, 1111, 1368, 215, 90]"
20.999999999999996,280.82,0.522674588660735,"[392, 137, 780, 398, 148, 3476, 802, 3618, 298, 171, 65, 4674, 1220, 1609, 2132, 90, 4187, 349, 483, 1403, 4733]"
15.000000000000002,251.08,0.5644463635625463,"[65, 802, 4266, 392, 137, 521, 168, 780, 298, 398, 171, 1609, 945, 5011, 788]"
61.0,442.39,0.46345502365392055,"[392, 137, 780, 398, 788, 148, 3476, 802, 5671, 168, 309, 822, 191, 65, 449, 4035, 7492, 837, 5057, 3141, 452, 1220, 1225, 2757, 4679, 2758, 7501, 973, 2126, 7112, 215, 90, 1370, 5723, 3549, 4187, 3039, 6623, 225, 349, 483, 862, 1376, 1250, 2407, 1124, 5481, 5738, 106, 1387, 7020, 7019, 2415, 1774, 7537, 365, 4211, 4218, 5596, 5245, 1442]"
4.000000000000003,69.23,0.6689894133839804,"[392, 65, 137, 3814]"
85.0,484.25,0.4542189053873772,"[521, 65, 1609, 585, 2646, 1111, 90, 5723, 3684, 106, 137, 148, 150, 171, 6829, 191, 3265, 2242, 1220, 2757, 710, 1747, 6356, 780, 3345, 802, 298, 309, 822, 7492, 845, 1368, 2394, 1370, 5466, 349, 2407, 1387, 7019, 2415, 7537, 5494, 2427, 6020, 5508, 3463, 392, 905, 3976, 1930, 4488, 904, 398, 1942, 2455, 4505, 1434, 2461, 7072, 5032, 1453, 945, 7601, 1461, 4535, 4542, 449, 4035, 452, 1995, 973, 5582, 3025, 4052, 5079, 6616, 473, 3549, 6623, 483, 997, 1512, 6125, 4085, 3070]"
25.0,274.47,0.510001338906339,"[137, 905, 780, 398, 148, 3476, 6682, 3616, 5671, 168, 298, 171, 2477, 4143, 945, 822, 3512, 1983, 3194, 65, 4674, 449, 2629, 710, 585]"
19.000000000000004,285.53,0.5509717329285759,"[392, 521, 137, 780, 2697, 398, 148, 5671, 168, 65, 449, 4035, 7492, 837, 215, 90, 4187, 349, 7135]"
69.0,452.83,0.4352562614128026,"[1799, 392, 521, 137, 905, 780, 398, 6931, 148, 3476, 3616, 802, 298, 171, 1453, 432, 945, 4660, 822, 7478, 191, 65, 449, 4035, 7492, 837, 5057, 3141, 452, 1225, 1220, 2757, 4679, 7501, 2758, 973, 2126, 7112, 1370, 5723, 90, 5466, 3549, 3039, 6623, 225, 4187, 483, 349, 862, 1376, 2407, 1250, 1124, 5738, 106, 1387, 1638, 5481, 2415, 7020, 7019, 1774, 4211, 7537, 365, 4218, 5596, 5245]"
58.00000000000001,442.4,0.46806103783971476,"[392, 137, 780, 398, 788, 148, 3476, 802, 5671, 168, 171, 4143, 945, 6835, 1461, 822, 3512, 65, 449, 4674, 1220, 2629, 2758, 4679, 5318, 3656, 585, 6731, 973, 2254, 1747, 4948, 1364, 1111, 1368, 90, 1370, 4187, 349, 862, 5466, 4191, 5723, 1378, 1124, 2407, 5481, 106, 1387, 7019, 7020, 2415, 7537, 369, 4211, 3704, 2427, 1291]"
39.0,378.07,0.5010470503694954,"[392, 521, 137, 905, 780, 2697, 398, 148, 788, 4631, 5671, 168, 298, 171, 2477, 4143, 6832, 945, 6835, 1461, 822, 65, 4674, 449, 1220, 2629, 6982, 2758, 2757, 585, 710, 6731, 1737, 973, 1111, 1368, 215, 90, 107]"
32.00000000000001,302.13,0.49717728088865254,"[137, 905, 780, 398, 148, 3476, 6682, 3616, 5671, 168, 298, 171, 2477, 4143, 945, 822, 3512, 1983, 191, 65, 4674, 449, 2629, 710, 585, 1737, 6992, 1111, 1368, 90, 4187, 5893]"
43.00000000000001,374.76,0.47310563619537616,"[392, 521, 137, 905, 780, 398, 6931, 148, 802, 5157, 168, 298, 945, 4660, 6332, 1983, 191, 65, 449, 4035, 4674, 1220, 2629, 2757, 7492, 452, 710, 1737, 5189, 1111, 1368, 90, 1370, 4187, 349, 862, 5466, 2394, 4191, 1250, 3684, 4211, 1654]"
48.0,418.87,0.4883175570161711,"[392, 137, 780, 398, 788, 148, 3476, 802, 5671, 168, 171, 4143, 945, 6835, 309, 191, 65, 449, 2242, 1220, 2629, 2757, 7492, 452, 710, 585, 973, 845, 1747, 6356, 2646, 1111, 1368, 6745, 473, 2394, 5723, 1370, 349, 90, 5466, 3684, 2407, 106, 1387, 2415, 4211, 1654]"
33.0,317.26,0.4929292510741592,"[392, 521, 2421, 905, 780, 2697, 398, 148, 3476, 3616, 802, 298, 822, 6332, 1983, 191, 65, 449, 4035, 1220, 2629, 2757, 7492, 452, 710, 1737, 5189, 6352, 1111, 1368, 90, 225, 483]"
28.0,325.54,0.5203278428261391,"[392, 137, 905, 2697, 780, 398, 148, 3476, 7319, 802, 3618, 298, 171, 432, 65, 449, 4035, 709, 837, 84, 215, 90, 1370, 4187, 349, 862, 483, 419]"
40.0,394.45,0.4845636369899662,"[392, 780, 398, 3345, 148, 3476, 150, 276, 1305, 168, 171, 2477, 4143, 945, 6835, 1461, 822, 3512, 1213, 65, 4674, 449, 1220, 2629, 6982, 4679, 5318, 585, 2757, 6731, 710, 973, 1737, 1111, 1368, 215, 90, 1370, 4187, 349]"
60.00000000000001,441.47,0.4659295535438339,"[392, 137, 780, 398, 788, 148, 3476, 802, 1442, 5671, 168, 309, 822, 191, 65, 449, 4035, 7492, 837, 5057, 3141, 452, 1220, 1225, 2757, 4679, 2758, 7501, 973, 2126, 7112, 215, 90, 1370, 5723, 3549, 4187, 3039, 225, 349, 483, 862, 1376, 1250, 2407, 1124, 5481, 5738, 106, 1387, 7020, 7019, 2415, 1774, 7537, 365, 4211, 4218, 5596, 5245]"
19.000000000000004,294.3,0.5748419393217771,"[392, 137, 780, 398, 788, 148, 3476, 802, 5671, 168, 2337, 449, 4035, 7492, 837, 215, 90, 4187, 349]"
33.99999999999999,320.53,0.4771276773204529,"[392, 521, 137, 905, 780, 2697, 398, 148, 3476, 802, 298, 822, 6332, 191, 1983, 65, 449, 4035, 1220, 2629, 2757, 7492, 452, 710, 1737, 5189, 6352, 1111, 1368, 90, 225, 483, 2421, 4332]"
54.0,407.85,0.4561385074719071,"[4614, 392, 521, 137, 905, 780, 2697, 398, 148, 3476, 3616, 802, 298, 171, 1453, 432, 945, 4660, 309, 822, 191, 65, 449, 4035, 7492, 837, 5057, 3141, 452, 1225, 1220, 2757, 4679, 7112, 2126, 1370, 5723, 90, 3549, 4187, 3039, 6623, 225, 862, 483, 106, 1387, 7019, 7020, 2415, 369, 4211, 3704, 3132]"
45.99999999999999,409.42,0.48895406976909206,"[392, 137, 398, 788, 148, 3476, 802, 5671, 168, 171, 4143, 945, 6835, 309, 191, 65, 449, 2242, 1220, 2629, 2757, 7492, 452, 710, 585, 973, 845, 1747, 6356, 2646, 1111, 1368, 6745, 473, 2394, 5723, 1370, 349, 90, 5466, 2407, 106, 1387, 2415, 4211, 1654]"
11.999999999999998,206.39,0.5601663820009992,"[65, 802, 483, 137, 1609, 171, 780, 398, 1326, 1712, 945, 5011]"
28.0,339.92,0.5257744200283037,"[392, 137, 1291, 780, 398, 788, 148, 3476, 802, 5671, 168, 171, 4143, 432, 65, 449, 4035, 709, 837, 84, 215, 90, 1370, 4187, 349, 862, 483, 2043]"
31.000000000000004,354.18,0.5041114006749071,"[392, 521, 137, 905, 780, 398, 148, 3476, 3616, 802, 298, 171, 1453, 432, 945, 6835, 4660, 1461, 3512, 65, 4674, 449, 1220, 2629, 215, 90, 1370, 349, 862, 225, 3059]"
39.0,369.31,0.4892774048292594,"[392, 137, 398, 3345, 148, 3476, 150, 1305, 802, 1189, 298, 171, 1453, 2477, 4143, 432, 6832, 945, 6835, 1461, 822, 65, 4674, 449, 1220, 2629, 6982, 2758, 2757, 585, 710, 6731, 1737, 973, 4120, 1368, 215, 90, 107]"
35.0,332.69,0.49524563838713964,"[137, 905, 780, 398, 148, 3476, 6682, 3616, 5671, 168, 298, 171, 2477, 432, 945, 6835, 4660, 6498, 3512, 65, 4674, 449, 1220, 2629, 6982, 2758, 2757, 585, 710, 6731, 973, 1111, 1368, 215, 90]"
18.000000000000004,272.1,0.5383002600870633,"[65, 802, 483, 392, 137, 521, 168, 780, 298, 398, 171, 1609, 945, 5011, 788, 148, 1692, 4657]"
36.0,344.92,0.4900274750461795,"[392, 137, 905, 521, 780, 398, 6931, 148, 802, 5157, 168, 298, 171, 945, 4660, 1815, 822, 6332, 191, 1983, 65, 449, 4035, 4674, 1220, 2629, 2757, 7492, 452, 710, 1737, 5189, 1111, 1368, 90, 1370]"
74.0,463.7,0.4669144964359061,"[392, 521, 137, 2825, 780, 398, 4241, 3345, 914, 148, 3476, 150, 2455, 278, 4505, 1434, 665, 1942, 2461, 7072, 5671, 168, 298, 171, 1453, 945, 7601, 6835, 1461, 822, 440, 1213, 191, 65, 4674, 2883, 449, 4035, 2758, 4679, 452, 1995, 973, 2126, 3790, 5582, 3025, 338, 4052, 1111, 6616, 1367, 3289, 90, 1370, 2394, 4829, 5466, 349, 3680, 3034, 867, 3039, 1504, 6623, 997, 5481, 106, 1387, 7020, 7019, 2415, 369, 7537]"
8.999999999999996,180.57,0.597729670752133,"[65, 392, 137, 521, 168, 298, 171, 2865, 945]"
29.000000000000004,342.75,0.5080842714987149,"[392, 521, 137, 905, 780, 398, 148, 3476, 3616, 802, 298, 171, 1453, 432, 945, 6835, 4660, 1461, 3512, 65, 4674, 449, 1220, 215, 90, 1370, 349, 862, 225]"
41.0,361.52,0.47900778982766856,"[392, 521, 137, 905, 780, 148, 3476, 150, 276, 1305, 168, 171, 2477, 4143, 945, 6835, 1461, 822, 3512, 1213, 65, 4674, 449, 1220, 2629, 6982, 2758, 4679, 5318, 585, 2757, 6731, 710, 973, 1737, 1111, 1368, 215, 90, 1370, 4187]"
60.00000000000001,424.11,0.4570280693993336,"[137, 780, 398, 1403, 3476, 148, 802, 3618, 168, 298, 171, 432, 945, 6835, 1461, 822, 3512, 65, 4674, 449, 1220, 2757, 2758, 5318, 710, 585, 1737, 6731, 973, 2254, 1111, 215, 90, 1370, 4187, 349, 862, 5466, 3034, 225, 2394, 3549, 3039, 6623, 1376, 1250, 1124, 3684, 1638, 2407, 5481, 1387, 7020, 7019, 1774, 2415, 7537, 365, 3428, 5596]"
62.0,442.05,0.4580736534524532,"[5126, 392, 137, 905, 780, 398, 148, 3476, 3616, 802, 1189, 298, 171, 1453, 432, 945, 4660, 309, 822, 191, 65, 449, 4035, 2242, 1220, 2629, 2757, 7492, 710, 585, 973, 845, 1747, 6356, 2646, 1111, 1370, 5723, 90, 5466, 3549, 3039, 6623, 225, 4187, 483, 349, 862, 1376, 2407, 1250, 1124, 5738, 106, 1387, 1638, 5481, 2415, 7020, 7019, 1774, 5860]"
45.99999999999999,384.0,0.4606155892649366,"[392, 521, 137, 905, 780, 6404, 398, 148, 3476, 3616, 802, 294, 298, 171, 1453, 432, 945, 4660, 191, 1983, 65, 449, 4035, 4674, 1220, 2629, 2757, 7492, 452, 710, 1737, 5189, 1111, 1368, 90, 1370, 4187, 349, 862, 5466, 4191, 1250, 1124, 3684, 4211, 1654]"
79.0,472.78,0.4602602822078683,"[5183, 65, 5698, 2629, 585, 2646, 1111, 90, 5723, 3684, 106, 137, 148, 150, 171, 6829, 191, 3265, 2242, 1220, 2757, 710, 1747, 6356, 3851, 780, 3345, 298, 309, 822, 7492, 845, 4948, 1368, 2394, 1370, 5466, 349, 1387, 7019, 2415, 7537, 5494, 2427, 384, 7552, 6020, 5508, 3463, 392, 905, 3976, 1930, 4488, 904, 398, 1942, 2455, 4505, 1434, 2461, 3999, 7072, 5032, 1453, 945, 7601, 1461, 4535, 4542, 449, 4035, 452, 1995, 973, 5582, 3025, 4052, 5079, 2415]"
18.000000000000004,278.6,0.5564806725862173,"[225, 802, 483, 392, 137, 521, 168, 780, 298, 398, 171, 1609, 945, 5011, 788, 148, 7068, 5850]"
48.0,416.98,0.4872862293772352,"[392, 137, 1291, 780, 398, 788, 148, 3476, 802, 5671, 168, 171, 4143, 432, 191, 65, 449, 4035, 2242, 1220, 2629, 2757, 452, 710, 585, 973, 845, 1747, 6356, 2646, 1111, 1368, 6745, 473, 2394, 5723, 1370, 349, 90, 5466, 3684, 2407, 106, 1387, 2415, 4211, 1654, 5631]"
63.0,456.99,0.450797134993853,"[392, 521, 137, 905, 780, 2697, 398, 148, 788, 4631, 5671, 168, 298, 171, 2477, 4143, 6832, 945, 6835, 1461, 822, 65, 4674, 449, 1220, 2629, 2479, 2758, 2757, 710, 585, 973, 845, 1747, 6356, 2646, 1111, 1370, 5723, 90, 5466, 3549, 3039, 6623, 225, 4187, 483, 349, 862, 1376, 2407, 1250, 1124, 5738, 106, 1387, 1638, 5481, 2415, 7020, 7019, 1774, 4211]"
