spread-min,spread-max,spread-1q,spread-3q,spread-median,spread-mean,seed-min,seed-max,seed-1q,seed-3q,seed-median,seed-mean,communities-min,communities-max,communities-1q,communities-3q,communities-median,communities-mean,fairness-min,fairness-max,fairness-1q,fairness-3q,fairness-median,fairness-mean,budget-min,budget-max,budget-1q,budget-3q,budget-median,budget-mean,time-min,time-max,time-1q,time-3q,time-median,time-mean
0.00015567506368525334,0.028891876592131334,0.00413105009906595,0.017702377582790828,0.010200962354939145,0.011836965751485988,0.04,1.0,0.405,0.8400000000000001,0.69,0.614736842105263,0.007053567644364045,0.8315649322116017,0.5214621869845374,0.7847694981156094,0.692361992120329,0.6151184311458686,0.1674453888423022,0.9422367908170541,0.7418821941112599,0.9111309805731062,0.8608518641270833,0.7608357261606237,0.84821748798508,0.9999641345671042,0.9179757549673625,0.9813858403270928,0.9489276235564164,0.9427040271218181,0.19999999999999996,1.0,0.19999999999999996,0.6,0.4,0.431578947368421
0.00015567506368525334,0.02890744409849986,0.0056510048117746955,0.015759977356354374,0.011705349561279365,0.011612129118005387,0.05,1.0,0.455,0.805,0.7,0.6413043478260869,0.007053567644364045,0.8315649322116017,0.5999285998899431,0.7722632809966088,0.7300101960329664,0.6274672662455464,0.1674453888423022,0.9245864010828628,0.754695100572248,0.8941106501186038,0.7836551646735809,0.7616549471691054,0.84821748798508,0.9999641345671042,0.9175453697726133,0.9729933290294814,0.9434760777562585,0.9406863708236264,0.19999999999999996,1.0,0.19999999999999996,0.6,0.4,0.43478260869565216
0.00015567506368525334,0.031746391168978205,0.009863430512312484,0.023868525332578543,0.013915935465609963,0.015841383723649075,0.05,1.0,0.355,0.745,0.63,0.5517391304347826,0.007053567644364045,0.8539953015700414,0.7295851556857388,0.7949195158706472,0.7552745886175752,0.7117850605109932,0.1674453888423022,0.9504675440102255,0.779330309233156,0.9012463890638494,0.8236725357028469,0.7907808348587314,0.84821748798508,0.9999641345671042,0.8881357147980776,0.9420055950075317,0.9304210601821964,0.91617156775604,0.19999999999999996,1.0,0.19999999999999996,0.4,0.19999999999999996,0.33043478260869574
0.00015567506368525334,0.0350084913671101,0.008185677894140958,0.02475091989810359,0.017557316727993207,0.016621511463345597,0.04,1.0,0.35,0.86,0.49,0.5608000000000001,0.007053567644364045,0.8870401939110324,0.7192976626777119,0.8107470044566001,0.7783017278062396,0.6960043538529395,0.1674453888423022,0.9524288506485128,0.7831491704030947,0.9104274820224406,0.8401161934312645,0.7973690848653253,0.832113908614877,0.9999641345671042,0.8605551969012266,0.9559572484039882,0.904490352198551,0.9134638835090739,0.19999999999999996,1.0,0.19999999999999996,0.4,0.19999999999999996,0.33599999999999997
0.00015567506368525334,0.03904189074440985,0.007039343334276819,0.025114633455986416,0.02037078969714124,0.017705236343051232,0.03,1.0,0.24,0.9,0.46,0.5648000000000001,0.007053567644364045,0.8812486550145281,0.7164099293080934,0.83678758600132,0.7775416532140818,0.7040775343894208,0.1674453888423022,0.9621836070594938,0.6819062461725114,0.8964660121603005,0.8286277357421145,0.7500973353352633,0.8023097338784879,0.9999641345671042,0.8613083709920379,0.9534108026683882,0.897496592783875,0.9062061545082848,0.19999999999999996,1.0,0.19999999999999996,0.4,0.19999999999999996,0.33599999999999997
0.00015567506368525334,0.03904189074440985,0.007039343334276819,0.03028446079818851,0.022667704500424567,0.019675573167279935,0.03,1.0,0.24,0.9,0.41,0.524,0.007053567644364045,0.8812486550145281,0.7164099293080934,0.8296468646628181,0.8137868263576755,0.7377514425555063,0.1674453888423022,0.9715725979776842,0.8082993014309239,0.940485724459084,0.8951080708564443,0.8120900871188274,0.8023097338784879,0.9999641345671042,0.8502618176601392,0.9534108026683882,0.8885660999928269,0.8967821533605911,0.19999999999999996,1.0,0.19999999999999996,0.4,0.19999999999999996,0.30399999999999994
0.00015567506368525334,0.03904189074440985,0.006827412963487121,0.033538069629210306,0.02136923294650439,0.02058388257652339,0.03,1.0,0.27,0.9075,0.44999999999999996,0.5332142857142858,0.007053567644364045,0.8990041620509978,0.708261254807015,0.8498104084886315,0.8272950943151525,0.7362425795892651,0.1674453888423022,0.9614517133929219,0.8288160569461201,0.9118312352513755,0.8821845577086302,0.8003470028594589,0.801664156086364,0.9999641345671042,0.8272989742486192,0.9560558783444516,0.8892654759342945,0.8900224927500588,0.19999999999999996,1.0,0.19999999999999996,0.4,0.19999999999999996,0.30714285714285705
0.00034956127936597797,0.040015567506368525,0.01129493348429097,0.03322565808095103,0.019421171808661195,0.020845396465973876,0.07,1.0,0.2875,0.88,0.64,0.5739285714285715,0.17080206102526374,0.9016629883071114,0.721066607371268,0.8597664566592027,0.817396954877146,0.748242496965701,0.1674453888423022,0.9575495251311601,0.8175379868476823,0.9042175855326893,0.8755616465712261,0.8008309017242132,0.8014489634889893,0.9999641345671042,0.8288053224302417,0.9394860483466035,0.9018901083136073,0.8891284187442998,0.19999999999999996,0.8,0.19999999999999996,0.24999999999999997,0.19999999999999996,0.2785714285714286
0.00034956127936597797,0.04059298046985564,0.007168482875742994,0.03329960373620153,0.017781630342485137,0.01947339371638834,0.04,1.0,0.3675,0.9025000000000001,0.705,0.6176666666666666,0.17080206102526374,0.9016629883071114,0.6931004645667134,0.8557675496283399,0.810256483607657,0.7437478198468676,0.1674453888423022,0.9504292951377594,0.7582131277428718,0.9080741246721845,0.8466389644793999,0.7703971354405332,0.7821533605910623,0.9999641345671042,0.8318269851517108,0.9619736747722545,0.9000251058030271,0.8960667575257631,0.19999999999999996,0.8,0.19999999999999996,0.4,0.19999999999999996,0.2933333333333333
0.00034956127936597797,0.04105009906594962,0.006793447495046703,0.03156241154825927,0.01624257005377866,0.018446268515897726,0.09,1.0,0.505,0.9175,0.74,0.674,0.17080206102526374,0.8944125313622532,0.6626535954274797,0.8691505486379661,0.8023786647695,0.7370469011018452,0.1674453888423022,0.9702482923247476,0.7067815285420677,0.9036188454126347,0.8298997288146944,0.7546693718819443,0.7673409368051072,0.9999641345671042,0.8356376873968869,0.9650312029266193,0.9056201133347679,0.9002797503765868,0.19999999999999996,0.8,0.19999999999999996,0.4,0.19999999999999996,0.29999999999999993
0.00034956127936597797,0.044350410416076985,0.014817435607132749,0.035077837531842626,0.02848570619869799,0.02550382111519955,0.08,1.0,0.29,0.77,0.57,0.5388000000000001,0.17080206102526374,0.9117954953784284,0.8058753537871346,0.8823601815011977,0.857134719742937,0.8147498247304789,0.1674453888423022,0.9755799214134758,0.8643528468554897,0.9271199360984335,0.8948605399846755,0.844207764626514,0.7673409368051072,0.9999641345671042,0.8221791837027472,0.9100853597302919,0.8529158596944265,0.8650598952729359,0.19999999999999996,0.8,0.19999999999999996,0.19999999999999996,0.19999999999999996,0.22399999999999995
0.00034956127936597797,0.04531135012737051,0.01799497594112652,0.035815525049532976,0.03161265213699406,0.02801679403717332,0.09,1.0,0.275,0.7675000000000001,0.505,0.5046666666666666,0.17080206102526374,0.9056746024060389,0.8417558793138351,0.8861968124578576,0.8774677105021725,0.8316922650479194,0.1674453888423022,0.9702482923247476,0.8811808922356836,0.9252815596187436,0.9070612089251193,0.8559164902759462,0.7723620974105158,0.9999641345671042,0.8200810558783445,0.8960081773187002,0.8350548741123305,0.854914759821151,0.19999999999999996,0.8,0.19999999999999996,0.19999999999999996,0.19999999999999996,0.22
0.00034956127936597797,0.04531135012737051,0.015620577412963486,0.035813402207755446,0.02976294933484291,0.027031450717411656,0.09,1.0,0.3225,0.825,0.565,0.5634615384615385,0.17080206102526374,0.9056746024060389,0.7988658453794404,0.8913859253347262,0.867057718801369,0.8209580278957221,0.1674453888423022,0.9578948476656814,0.8596048130321503,0.9311345675436333,0.883674319261686,0.8464432224711598,0.7658345886234847,0.9999641345671042,0.8098235420701527,0.9124076465102934,0.8466035435047701,0.8591536861388378,0.19999999999999996,0.8,0.19999999999999996,0.19999999999999996,0.19999999999999996,0.22307692307692303
0.00034956127936597797,0.04531135012737051,0.019366331729408433,0.0356258845174073,0.028472969148032833,0.027378865341069914,0.09,1.0,0.3475,0.8125,0.575,0.56875,0.17080206102526374,0.9079254040538955,0.827272797890706,0.892940932862172,0.8682407708995511,0.8256778143681436,0.1674453888423022,0.9659079561717949,0.8627701689143765,0.9283376488779529,0.8881418982080072,0.8494834025188647,0.7723620974105158,0.9999641345671042,0.812656911268919,0.8995319561007101,0.8559823542070153,0.8593010275446524,0.19999999999999996,0.8,0.19999999999999996,0.19999999999999996,0.19999999999999996,0.21874999999999994
0.005070761392584206,0.04531135012737051,0.021848995188225306,0.03985989244268327,0.02914520237758279,0.029361732238890458,0.09,1.0,0.255,0.795,0.59,0.5364516129032257,0.692722530423578,0.9079254040538955,0.8438582760289135,0.8940642182449684,0.8686390213119294,0.8458200033636699,0.1674453888423022,0.9659079561717949,0.8253299389786244,0.9293705571164702,0.8996250687668104,0.8436287117936604,0.7665160318485045,0.9722760203715659,0.794168280611147,0.8846029696578438,0.852664801664156,0.8475522420523356,0.19999999999999996,0.4,0.19999999999999996,0.19999999999999996,0.19999999999999996,0.2064516129032258
0.005070761392584206,0.04531135012737051,0.022718652703085197,0.04002901217095953,0.02914520237758279,0.029391766518853977,0.09,1.0,0.31999999999999995,0.795,0.59,0.5581481481481482,0.692722530423578,0.9106581314621909,0.8378993025834962,0.895412922608956,0.8706381850818858,0.8459913127472267,0.1674453888423022,0.9578948476656814,0.8139623383137042,0.9401211521057496,0.9217453016204563,0.8468574112869975,0.7597015995983072,0.9722760203715659,0.7952621763144682,0.8822717165196184,0.852664801664156,0.8482453833217768,0.19999999999999996,0.4,0.19999999999999996,0.19999999999999996,0.19999999999999996,0.2074074074074074
0.005070761392584206,0.04576280781205774,0.023862156807245967,0.0380568921596377,0.029418341352957827,0.028959021291316795,0.21,1.0,0.46499999999999997,0.765,0.59,0.5996296296296296,0.692722530423578,0.917179900997111,0.8378993025834962,0.8896118393060202,0.869203612919087,0.8488544446045055,0.1674453888423022,0.9641174429492915,0.8139623383137042,0.938637853784947,0.9127638316063761,0.8426139081544046,0.7456423499031632,0.9722760203715659,0.7988487196040457,0.8759235348970662,0.8467111398034575,0.8490344228454838,0.19999999999999996,0.4,0.19999999999999996,0.19999999999999996,0.19999999999999996,0.2074074074074074
0.005070761392584206,0.04576280781205774,0.02134305123124823,0.03822813472969148,0.025645343900367962,0.02823989576114858,0.21,1.0,0.46,0.83,0.68,0.6399999999999999,0.692722530423578,0.917179900997111,0.8354052048433782,0.897295275803752,0.8644647937418637,0.8467105032172179,0.1674453888423022,0.9611462806929238,0.7905011222817347,0.9293800932648154,0.904531581589216,0.8248956313314066,0.7456423499031632,0.9722760203715659,0.796714726346747,0.8889606197546804,0.8636754895631591,0.8517817699714808,0.19999999999999996,0.4,0.19999999999999996,0.19999999999999996,0.19999999999999996,0.20689655172413793
0.005070761392584206,0.04576280781205774,0.021301655816586468,0.037616048683838096,0.029396405321256723,0.028811764586955644,0.21,1.0,0.4925,0.8325,0.685,0.6528571428571429,0.692722530423578,0.917179900997111,0.8374663984096562,0.9010936592220563,0.8609181307031262,0.8461728330308077,0.1674453888423022,0.9675831691288315,0.7796985174597034,0.9291064034161169,0.8567350140512038,0.8160526376877774,0.7401549386701097,0.9722760203715659,0.8031884369844344,0.8894268703823255,0.8437881070224518,0.8482840952176007,0.19999999999999996,0.4,0.19999999999999996,0.19999999999999996,0.19999999999999996,0.20714285714285713
0.005070761392584206,0.04576280781205774,0.02121886498726295,0.03861095386357204,0.02895626945938296,0.02859864138126238,0.21,1.0,0.485,0.8374999999999999,0.71,0.6616666666666666,0.692722530423578,0.9125004947832114,0.8393924794265364,0.8997045447941402,0.8606549242051482,0.8416964392311983,0.1674453888423022,0.9716986099846351,0.7563405242067295,0.9327883110436717,0.8479703271883472,0.8153982566112032,0.7401549386701097,0.9722760203715659,0.7953070081055879,0.8903593716376157,0.8441467613514095,0.8489933768500587,0.19999999999999996,0.4,0.19999999999999996,0.19999999999999996,0.19999999999999996,0.20666666666666667
0.005070761392584206,0.04576280781205774,0.02133986696858194,0.03865376450608548,0.029641239739598074,0.02893882885732838,0.21,1.0,0.4875,0.8374999999999999,0.695,0.6579411764705883,0.692722530423578,0.9140742434045664,0.831278754282714,0.9003442875120777,0.8597549245209848,0.8423971220234732,0.1674453888423022,0.9716986099846351,0.7893234492028135,0.9346437369274435,0.855590994710318,0.8260958709920748,0.7401549386701097,0.9722760203715659,0.7927515960117638,0.8883598737536762,0.8441467613514095,0.8459569108469728,0.19999999999999996,0.4,0.19999999999999996,0.19999999999999996,0.19999999999999996,0.20588235294117643
0.005070761392584206,0.04589725445796773,0.021980965185394847,0.039789838664024905,0.03294508915935465,0.03006476352216516,0.1,1.0,0.4725,0.825,0.685,0.6369047619047619,0.692722530423578,0.9140742434045664,0.8405401397037954,0.9024040396491111,0.8873473526361098,0.852661441376855,0.1674453888423022,0.9746090149146802,0.8072082355509582,0.9323788150045018,0.8858852353627076,0.8410440451684978,0.7385051287569041,0.9722760203715659,0.7926350333548526,0.8862707122874973,0.8237393300337135,0.8400418771626001,0.19999999999999996,0.4,0.19999999999999996,0.19999999999999996,0.19999999999999996,0.2047619047619047
0.005070761392584206,0.04690631191621851,0.02067647891310501,0.0390461364279649,0.032605434474950463,0.029718473210772298,0.17,1.0,0.48,0.86,0.69,0.6621951219512194,0.692722530423578,0.9168462256665424,0.8387027752847465,0.9000927416511999,0.8828290117523432,0.8487254351107237,0.1674453888423022,0.9708231177582665,0.808361442384878,0.9254407552468082,0.9042795682480562,0.8468000390356984,0.7446739832149774,0.9722760203715659,0.7926977978624202,0.8915429309231763,0.8235779355856825,0.84246939628854,0.19999999999999996,0.4,0.19999999999999996,0.19999999999999996,0.19999999999999996,0.20487804878048776
0.005070761392584206,0.04690631191621851,0.02051514293801302,0.038879847155392014,0.0328785734503255,0.029523612532386948,0.17,1.0,0.49,0.865,0.7,0.6715384615384615,0.692722530423578,0.9168462256665424,0.8336940839762642,0.8993395282283527,0.8833085219766005,0.8480254601345337,0.1674453888423022,0.9708231177582665,0.7806560039308025,0.9267600159787974,0.9083613401526092,0.8378648790824018,0.7446739832149774,0.9722760203715659,0.7923929416828062,0.8913994691915932,0.8235779355856825,0.8438023612329616,0.19999999999999996,0.4,0.19999999999999996,0.19999999999999996,0.19999999999999996,0.20512820512820512
0.005070761392584206,0.047302575714690064,0.020832861590716106,0.03736696858194169,0.031986979903764506,0.028959081771139508,0.26,1.0,0.59,0.865,0.72,0.704871794871795,0.692722530423578,0.9145499525230829,0.8396221895258711,0.8985265605595882,0.8846841874207804,0.8511211319482742,0.1674453888423022,0.9984132429034539,0.808646635871672,0.93535162043118,0.9225838089234801,0.8382694895703454,0.7435262893623126,0.9722760203715659,0.8038160820601105,0.8892116777849508,0.8266623628147192,0.845502750602815,0.19999999999999996,0.4,0.19999999999999996,0.19999999999999996,0.19999999999999996,0.20512820512820512
0.005070761392584206,0.047302575714690064,0.021072388904613645,0.038268114916501554,0.0336272289838664,0.030363288989527316,0.26,1.0,0.5599999999999999,0.8625,0.675,0.6859999999999999,0.692722530423578,0.9145499525230829,0.8442988910020195,0.9033962315491556,0.88700020544168,0.8562467192836797,0.1674453888423022,0.9984132429034539,0.8647815539870132,0.9420101263332105,0.9227656382708223,0.8541112488907953,0.7435262893623126,0.9722760203715659,0.7990728785596443,0.8881895129474213,0.8183415823828994,0.8373789541639768,0.19999999999999996,0.4,0.19999999999999996,0.19999999999999996,0.19999999999999996,0.205
0.005070761392584206,0.047302575714690064,0.021072388904613645,0.038490305689215965,0.03313968298896122,0.03048719218794226,0.26,1.0,0.5275000000000001,0.8625,0.685,0.6849999999999999,0.692722530423578,0.9145499525230829,0.849451017091216,0.9013899596824512,0.8858065795129706,0.8552008936534508,0.1674453888423022,0.9984132429034539,0.8647872712722451,0.9411632707306989,0.9164501319073103,0.8550068991220533,0.7435262893623126,0.9722760203715659,0.7937916935657413,0.8840470554479593,0.8218025966573417,0.8363890682160534,0.19999999999999996,0.4,0.19999999999999996,0.19999999999999996,0.19999999999999996,0.205
0.005070761392584206,0.047302575714690064,0.02649448061137843,0.04169119728276252,0.03627087461081235,0.03269283435714232,0.26,1.0,0.5,0.81,0.63,0.6435135135135135,0.692722530423578,0.9112333969743162,0.8800641417195433,0.9032592114182041,0.8905222517564513,0.8633125834884511,0.1674453888423022,0.9615994208090795,0.8856165723172927,0.9471365253084874,0.9203176106281284,0.8511854116830455,0.7397604189082563,0.9722760203715659,0.7765583530593214,0.856825191880066,0.8056093537048992,0.8242409614262425,0.19999999999999996,0.4,0.19999999999999996,0.19999999999999996,0.19999999999999996,0.2054054054054054
0.005070761392584206,0.047302575714690064,0.027327342202094537,0.04181219926408152,0.03660062270025474,0.03297719248588496,0.26,1.0,0.4925,0.8,0.635,0.6392105263157895,0.692722530423578,0.9169619281189207,0.8802448285064484,0.9017943846235125,0.8896676964819474,0.8639146307752633,0.1674453888423022,0.9707592741636557,0.8864231760894821,0.9465392266279995,0.921549390643542,0.8537697515463059,0.7397604189082563,0.9722760203715659,0.7726579872319059,0.8511674198407575,0.8030449752528512,0.8219167997462992,0.19999999999999996,0.4,0.19999999999999996,0.19999999999999996,0.19999999999999996,0.20526315789473684
0.005070761392584206,0.047302575714690064,0.027327342202094537,0.040070761392584205,0.03499221624681574,0.031977780922728564,0.26,1.0,0.535,0.8,0.6799999999999999,0.6788235294117647,0.692722530423578,0.9169619281189207,0.8739464957724341,0.8984567898614052,0.88721024743507,0.8626415575944828,0.1674453888423022,0.9707592741636557,0.8796239386492516,0.931692543026223,0.9081045594613428,0.8433637332127127,0.7432752313320421,0.9722760203715659,0.7844756473710638,0.8511674198407575,0.8147012409439782,0.8272341000097049,0.19999999999999996,0.4,0.19999999999999996,0.19999999999999996,0.19999999999999996,0.20588235294117643
0.005070761392584206,0.04764223039909425,0.025616331729408436,0.04306750636852533,0.03540192470987829,0.03303618939792163,0.3,1.0,0.49,0.8200000000000001,0.66,0.6554285714285715,0.692722530423578,0.9169619281189207,0.8699916789007652,0.900635011278212,0.8849824280367307,0.8634495446864232,0.1674453888423022,0.9732195268548184,0.8655669351015556,0.931577019273329,0.9069953370367182,0.8431116083029265,0.7277454988881715,0.9722760203715659,0.7623915070654903,0.8579728857327309,0.8106305143103077,0.8209802535173742,0.19999999999999996,0.4,0.19999999999999996,0.19999999999999996,0.19999999999999996,0.20571428571428568
0.005070761392584206,0.04764223039909425,0.02605540617039343,0.04319063119162185,0.03599348995188226,0.03313936849388307,0.3,1.0,0.5075000000000001,0.8150000000000001,0.655,0.6630555555555555,0.692722530423578,0.9169619281189207,0.8706026023559833,0.9001566698276245,0.883376391511468,0.8631867015918835,0.1674453888423022,0.9613268916601616,0.8535941188640693,0.9299658979106394,0.9020755454500186,0.837335861838778,0.7277454988881715,0.9722760203715659,0.7618804246467255,0.8548884585036942,0.803098773402195,0.8196626258278938,0.19999999999999996,0.4,0.19999999999999996,0.19999999999999996,0.19999999999999996,0.20555555555555555
0.005070761392584206,0.047904047551655816,0.02438296065666572,0.04294225870365129,0.034493348429097084,0.03231355235997874,0.33,1.0,0.51,0.85,0.71,0.6804878048780488,0.692722530423578,0.9169619281189207,0.8582024314839367,0.8952672267797261,0.8827998525278673,0.8591079566355546,0.1674453888423022,0.9613268916601616,0.8700637823812193,0.9294632487666995,0.8997370420515844,0.8414181178306408,0.7307223298185209,0.9722760203715659,0.7631805465891973,0.8617387561867872,0.8134280180761781,0.8246941378387316,0.19999999999999996,0.4,0.19999999999999996,0.19999999999999996,0.19999999999999996,0.20487804878048776
0.005070761392584206,0.04791536937446929,0.02409708463062553,0.04447778092272856,0.035297905462779514,0.03278548683838098,0.32,1.0,0.48,0.855,0.7,0.6695,0.692722530423578,0.9135365842614037,0.8577950807616415,0.895324565696585,0.8839791518541277,0.8584619307700285,0.1674453888423022,0.9613268916601616,0.8593727748653,0.9365975193319427,0.9020755454500186,0.8309425024491641,0.7307223298185209,0.9722760203715659,0.7575855390574564,0.8660067427013844,0.8065956531095331,0.8211875044831792,0.19999999999999996,0.4,0.19999999999999996,0.19999999999999996,0.19999999999999996,0.205
0.005070761392584206,0.04876875176903482,0.023089088593263515,0.044054981602037926,0.03539131050099066,0.032628078120577414,0.34,1.0,0.4975,0.875,0.705,0.68125,0.692722530423578,0.9193969241453653,0.8674626356055459,0.8991942704604817,0.8851716971612166,0.8625112675652005,0.1674453888423022,0.9627456582972042,0.7885955544095962,0.9336649727260519,0.8954182932748439,0.8163681384004432,0.7263108815723406,0.9722760203715659,0.7578993615952945,0.8803708485761423,0.8096083494727782,0.8223737536762068,0.19999999999999996,0.4,0.19999999999999996,0.19999999999999996,0.19999999999999996,0.205
0.005070761392584206,0.04876875176903482,0.022484432493631475,0.041209312199264075,0.03310076422303991,0.030944465007584163,0.34,1.0,0.545,0.895,0.73,0.716153846153846,0.692722530423578,0.9193969241453653,0.8677214286040932,0.8989724444226997,0.8865435699717242,0.8575709291496368,0.1674453888423022,0.9984132429034539,0.757495485126283,0.932156152819488,0.8749771985766472,0.7994913460255215,0.7263108815723406,0.9722760203715659,0.771196470841403,0.8863065777203931,0.8134280180761781,0.831399358836415,0.19999999999999996,0.4,0.19999999999999996,0.19999999999999996,0.19999999999999996,0.20512820512820512
0.005070761392584206,0.04920322671950184,0.023150297197848856,0.04240871780356638,0.03402066232663459,0.03191388529769509,0.32,1.0,0.54,0.88,0.75,0.7113513513513514,0.692722530423578,0.9193969241453653,0.8765798115613367,0.8993349377669072,0.8895146328932436,0.8666910582065668,0.1674453888423022,0.9984132429034539,0.8188736114883453,0.9271498359275225,0.8885092646051023,0.8170020397197906,0.7183487554694785,0.9722760203715659,0.7600961193601606,0.885051287569041,0.8100566673839753,0.8259208207561983,0.19999999999999996,0.4,0.19999999999999996,0.19999999999999996,0.19999999999999996,0.2054054054054054
0.005070761392584206,0.04920322671950184,0.02389753750353807,0.04302398811208605,0.03520662326634588,0.032913650883506534,0.32,1.0,0.5425,0.8674999999999999,0.715,0.7052380952380952,0.692722530423578,0.919953355692026,0.8778043606548428,0.8977699726026378,0.8873509849966014,0.8680764029129306,0.1674453888423022,0.9984132429034539,0.8292251895739693,0.9259121323391977,0.8924947483993169,0.8285047045965783,0.7183487554694785,0.9722760203715659,0.7634943691270354,0.8801735886952156,0.8087296463668316,0.8199691898852648,0.19999999999999996,0.4,0.19999999999999996,0.19999999999999996,0.19999999999999996,0.2047619047619047
0.005070761392584206,0.04920322671950184,0.027438791395414663,0.04350445796773281,0.034512454005094825,0.03335621285026889,0.32,1.0,0.5425,0.8425,0.73,0.70275,0.6920168166018446,0.9209043158400712,0.8790253857191666,0.9022599824977614,0.8913179874632795,0.8700235877403376,0.1674453888423022,0.9675542643908229,0.8185154851664797,0.918444524703429,0.8892247346237814,0.8210598739742683,0.7151208665088588,0.9722760203715659,0.7593429452693494,0.8449358008751165,0.8099311383688401,0.8163940893766588,0.19999999999999996,0.4,0.19999999999999996,0.19999999999999996,0.19999999999999996,0.205
0.005070761392584206,0.05045994905179734,0.02683696575148599,0.043879139541466175,0.03498018681007642,0.033239724298314725,0.33,1.0,0.58,0.88,0.72,0.7094594594594593,0.6920168166018446,0.919953355692026,0.8754811012452699,0.9017352925072101,0.892568831170212,0.8688048554845567,0.1674453888423022,0.9984132429034539,0.8321791300085492,0.9182655092008124,0.8885092646051023,0.8298674772437193,0.715228462807546,0.9722760203715659,0.7570834229969156,0.8549601893694857,0.8099132056523922,0.81661034824366,0.19999999999999996,0.4,0.19999999999999996,0.19999999999999996,0.19999999999999996,0.2054054054054054
0.005070761392584206,0.05045994905179734,0.027083215397679026,0.04266593546560996,0.03554557033682423,0.033806113784319275,0.33,1.0,0.595,0.8574999999999999,0.715,0.708,0.692722530423578,0.9220736095782012,0.8807996889111249,0.9003198878367524,0.8934971246062635,0.8755397344872298,0.1674453888423022,0.9984132429034539,0.8302802240145574,0.902993182697318,0.8811343908253984,0.8277029759121378,0.7088802811849939,0.9722760203715659,0.7571103220715873,0.8538573273079406,0.8087117136503837,0.8125502116060541,0.19999999999999996,0.4,0.19999999999999996,0.19999999999999996,0.19999999999999996,0.205
0.005070761392584206,0.05121568072459666,0.027083215397679026,0.04434298046985565,0.03667916784602321,0.03468730540617039,0.36,1.0,0.5675,0.8574999999999999,0.685,0.69325,0.692722530423578,0.921637443639925,0.8800289526997599,0.9042136584003628,0.8939400628948267,0.8766646324697731,0.1674453888423022,0.9984132429034539,0.83465841949714,0.9053500022213884,0.8892247346237814,0.8308962319094956,0.7049350835664586,0.9722760203715659,0.753496879707338,0.8538573273079406,0.8008392511297611,0.8072753030629081,0.19999999999999996,0.4,0.19999999999999996,0.19999999999999996,0.19999999999999996,0.205
0.005070761392584206,0.052529012170959524,0.023687729974525902,0.04349207472403056,0.03661831304840079,0.033410449376467255,0.36,1.0,0.5974999999999999,0.8875,0.7,0.7232352941176471,0.692722530423578,0.9180844920776979,0.8719129403018097,0.9044993762996608,0.8927351348272075,0.8718647297479583,0.1674453888423022,0.9501328207677124,0.8208057480947034,0.9070947065405568,0.8823469321908212,0.8135547880663417,0.6881859264041317,0.9722760203715659,0.7603292446739831,0.868302130406714,0.8017717523850513,0.8138974333008435,0.19999999999999996,0.4,0.19999999999999996,0.19999999999999996,0.19999999999999996,0.20588235294117643
0.005070761392584206,0.05277243136144919,0.02206340220775545,0.04569063119162185,0.037125672233229545,0.03349849205032355,0.4,1.0,0.56,0.92,0.69,0.7220689655172414,0.692722530423578,0.9227381671891586,0.8617011584359766,0.9083581473504593,0.8926642855517398,0.8629211221050108,0.1674453888423022,0.9671703903945527,0.7755165853189013,0.9027045525447512,0.8671662619984519,0.7795029111051227,0.694677569758267,0.9722760203715659,0.7443511943189154,0.887597733304641,0.7885374076465103,0.8118548859850256,0.19999999999999996,0.4,0.19999999999999996,0.19999999999999996,0.19999999999999996,0.20689655172413793
0.005070761392584206,0.05277243136144919,0.02237970563260685,0.047219784885366545,0.038124823096518545,0.03442068532408718,0.4,1.0,0.5275000000000001,0.905,0.695,0.7150000000000001,0.692722530423578,0.9263746402237758,0.8619155689676509,0.9103750208480018,0.8947329426105316,0.8709115171671311,0.1674453888423022,0.9716157812260893,0.797585222047692,0.9082997929063111,0.874492107216597,0.8014229227916878,0.694677569758267,0.9722760203715659,0.7347123592281759,0.8764615163905028,0.7824940822035722,0.8042655207660857,0.19999999999999996,0.4,0.19999999999999996,0.19999999999999996,0.19999999999999996,0.20624999999999996
0.005070761392584206,0.05277243136144919,0.023443249363147466,0.04706517124257005,0.03912326634588169,0.03496307920281048,0.4,1.0,0.535,0.8975,0.695,0.7108823529411766,0.692722530423578,0.9263746402237758,0.882622985368283,0.9105562907567992,0.8991954234174612,0.8749712897727497,0.1674453888423022,0.9716157812260893,0.8151019751316145,0.9067769104915457,0.8804758248977267,0.8086156113844813,0.694677569758267,0.9722760203715659,0.7363263037084857,0.8679434760777562,0.7735097912631805,0.8009953712494252,0.19999999999999996,0.4,0.19999999999999996,0.19999999999999996,0.19999999999999996,0.20588235294117643
0.005070761392584206,0.05277243136144919,0.02206340220775545,0.04305406170393434,0.03824370223606001,0.03286271313819456,0.4,1.0,0.6,0.92,0.72,0.753448275862069,0.692722530423578,0.9256338783946375,0.8619870391448756,0.9078475626170229,0.8904456253226392,0.8686354303219493,0.1674453888423022,0.9671703903945527,0.7723146198638605,0.9048223552873288,0.8740217548005346,0.7902399725460931,0.694677569758267,0.9722760203715659,0.7474714869808479,0.887597733304641,0.7808263395739187,0.8136110554578534,0.19999999999999996,0.4,0.19999999999999996,0.19999999999999996,0.19999999999999996,0.20689655172413793
0.005070761392584206,0.05431644494763657,0.023443249363147466,0.04643964053212567,0.03843192754033399,0.035101660534012646,0.37,1.0,0.6025,0.8975,0.715,0.732,0.692722530423578,0.931474140990474,0.8871125609118784,0.9173203209170766,0.9025193027107108,0.8812973296934641,0.1674453888423022,0.9671703903945527,0.8070359988607283,0.9257058113952519,0.8875912658553475,0.8060510735186066,0.6769959113406498,0.9722760203715659,0.7245803744351195,0.8679434760777562,0.778226095688975,0.7979891447289768,0.19999999999999996,0.4,0.19999999999999996,0.19999999999999996,0.19999999999999996,0.20666666666666667
0.005070761392584206,0.055413246532691765,0.022274271157656383,0.050079960373620155,0.039104160769883954,0.035785975616148276,0.36,1.0,0.515,0.91,0.73,0.717037037037037,0.692722530423578,0.9338852892071209,0.8716425712525322,0.9220701364350186,0.9042641142281628,0.8804431213183788,0.1674453888423022,0.9737697154260481,0.8013072662896865,0.9348949008937708,0.8826053919462897,0.8033586557144665,0.676960045907754,0.9722760203715659,0.710314898500825,0.8801735886952156,0.7744064270855749,0.7951884529246269,0.19999999999999996,0.4,0.19999999999999996,0.19999999999999996,0.19999999999999996,0.2074074074074074
0.005070761392584206,0.055413246532691765,0.022485140107557314,0.0487347863005944,0.038891876592131336,0.03558048742399251,0.36,1.0,0.57,0.9,0.75,0.7341379310344829,0.692722530423578,0.9338852892071209,0.8779120705065577,0.9188448266409316,0.903804750316888,0.8812116168971245,0.1674453888423022,0.9737697154260481,0.7723146198638605,0.9142812556645329,0.8673432787783846,0.7947057094029847,0.676960045907754,0.9722760203715659,0.7257370346460081,0.8727494440857901,0.7760562369987806,0.7975965213003571,0.19999999999999996,0.4,0.19999999999999996,0.19999999999999996,0.19999999999999996,0.20689655172413793
0.005070761392584206,0.055413246532691765,0.022485140107557314,0.0487347863005944,0.039537220492499296,0.0363845645815643,0.36,1.0,0.57,0.9,0.72,0.7318181818181818,0.692722530423578,0.931474140990474,0.8825511484244191,0.9225330041539948,0.9042641142281628,0.8898503336900025,0.1674453888423022,0.9633315340194009,0.7723146198638605,0.9142812556645329,0.8673432787783846,0.7968477525054107,0.676960045907754,0.9722760203715659,0.7257370346460081,0.8727494440857901,0.7689907467183129,0.792546728311738,0.19999999999999996,0.4,0.19999999999999996,0.19999999999999996,0.19999999999999996,0.20606060606060603
0.005070761392584206,0.055413246532691765,0.022485140107557314,0.05012170959524484,0.039537220492499296,0.03713592191373114,0.36,1.0,0.54,0.9,0.72,0.716969696969697,0.692722530423578,0.9333368090907557,0.8825511484244191,0.9241074853468725,0.9069807487450737,0.8910071954530409,0.1674453888423022,0.9577809140197294,0.7723146198638605,0.9142812556645329,0.8602079970271004,0.7971379446698115,0.676960045907754,0.9722760203715659,0.7134351911627573,0.8727494440857901,0.7689907467183129,0.7876407718241158,0.19999999999999996,0.4,0.19999999999999996,0.19999999999999996,0.19999999999999996,0.20606060606060603
0.005070761392584206,0.055413246532691765,0.02725658080951033,0.05028799886781772,0.04218511180300028,0.03801516315555376,0.36,1.0,0.535,0.895,0.7,0.7080000000000001,0.692722530423578,0.9333368090907557,0.8890332034075251,0.9243734606013512,0.9096342678461652,0.8935046776212096,0.1674453888423022,0.9630886097036144,0.7759454537604784,0.9274810465708445,0.8836123451908294,0.80729418513665,0.676960045907754,0.9722760203715659,0.7117853812495516,0.8560899505057027,0.758769098343017,0.7821041737116624,0.19999999999999996,0.4,0.19999999999999996,0.19999999999999996,0.19999999999999996,0.20571428571428568
0.005070761392584206,0.055413246532691765,0.03080384941975658,0.050080667987546,0.04218511180300028,0.03886100932520406,0.36,1.0,0.55,0.89,0.7,0.7043243243243242,0.6947569616734071,0.9320647798496997,0.8988999318290906,0.9251448178862194,0.9070641741768558,0.895967944239696,0.1674453888423022,0.9630886097036144,0.7892948400083265,0.9314883519526462,0.8933582650665541,0.8202435616085442,0.676960045907754,0.9722760203715659,0.7114984577863854,0.8367046840255362,0.758769098343017,0.7764866221935299,0.19999999999999996,0.4,0.19999999999999996,0.19999999999999996,0.19999999999999996,0.2054054054054054
0.005070761392584206,0.055413246532691765,0.03128078120577413,0.050564322105859046,0.04184121143504105,0.0388745959152055,0.36,1.0,0.5625,0.8875,0.705,0.7071052631578946,0.6947569616734071,0.9361819865795722,0.897424384936849,0.9244959925767808,0.9060347292488062,0.8960393198281633,0.1674453888423022,0.9591543074926595,0.7981170065143903,0.9313876189912469,0.8982235401724277,0.8224460615693844,0.676960045907754,0.9722760203715659,0.7159457714654616,0.8295226310881573,0.7626425650957607,0.7765092740458851,0.19999999999999996,0.4,0.19999999999999996,0.19999999999999996,0.19999999999999996,0.20526315789473684
0.005070761392584206,0.05561420888763091,0.03080384941975658,0.051129351825643925,0.04255307104443815,0.039084653575171546,0.35,1.0,0.54,0.89,0.73,0.7024324324324325,0.6947569616734071,0.9361819865795722,0.8966208905058365,0.9250525381748231,0.9127742786245908,0.8960019105566883,0.1674453888423022,0.9591543074926595,0.7892948400083265,0.9310854201070491,0.8826053919462897,0.8199838651360725,0.6763144681156301,0.9722760203715659,0.7114984577863854,0.8367046840255362,0.7550390933218564,0.7752070986415727,0.19999999999999996,0.4,0.19999999999999996,0.19999999999999996,0.19999999999999996,0.2054054054054054
0.005070761392584206,0.05561420888763091,0.035724242853099344,0.051493419190489664,0.04388338522502123,0.040201164530346535,0.35,1.0,0.5175000000000001,0.875,0.69,0.6900000000000001,0.6947569616734071,0.9361819865795722,0.8969775253003089,0.9249615918508424,0.9122697335098815,0.8984368542713554,0.1674453888423022,0.9591543074926595,0.8191159340104708,0.9305935342264307,0.8947518518038211,0.829059231697291,0.6763144681156301,0.9722760203715659,0.6999856538268417,0.7968133562872104,0.7494799512230113,0.7683050337989008,0.19999999999999996,0.4,0.19999999999999996,0.19999999999999996,0.19999999999999996,0.2047619047619047
0.005070761392584206,0.05561420888763091,0.034524837248797055,0.05159248514010756,0.04470846306255308,0.040372558731955846,0.35,1.0,0.5175000000000001,0.8825000000000001,0.675,0.68825,0.6947569616734071,0.9361819865795722,0.9000402003470764,0.9256610732031948,0.9154095278519683,0.8987029116219396,0.1674453888423022,0.9591543074926595,0.8227609820252116,0.9320409233164272,0.9120713091812568,0.8323969323586315,0.6763144681156301,0.9722760203715659,0.6986317337350262,0.8030180761781794,0.7493185567749803,0.7677067642206441,0.19999999999999996,0.4,0.19999999999999996,0.19999999999999996,0.19999999999999996,0.205
0.005070761392584206,0.05561420888763091,0.034524837248797055,0.05125778375318426,0.04470846306255308,0.04029620718935749,0.35,1.0,0.535,0.8825000000000001,0.675,0.69025,0.6947569616734071,0.9361819865795722,0.9035330518494065,0.9252603291418549,0.9152402499473488,0.8989472093430557,0.1674453888423022,0.9591543074926595,0.8227609820252116,0.9312018045688454,0.886432398023051,0.8281227974253182,0.6763144681156301,0.9722760203715659,0.70441503478947,0.8030180761781794,0.7493185567749803,0.768220536546876,0.19999999999999996,0.4,0.19999999999999996,0.19999999999999996,0.19999999999999996,0.205
0.005070761392584206,0.05561420888763091,0.03606000566091141,0.05232380413246533,0.0473535239173507,0.04134746950356569,0.35,1.0,0.5,0.86,0.66,0.6709756097560976,0.6947569616734071,0.9361819865795722,0.9021025157780553,0.9256660303877845,0.9158186418317814,0.9001298334067133,0.1674453888423022,0.9591543074926595,0.8256611359561745,0.933510819403006,0.912024889742,0.8358969765202787,0.6763144681156301,0.9722760203715659,0.6923821820529374,0.7919446237716089,0.7226167419840758,0.7617905423728221,0.19999999999999996,0.4,0.19999999999999996,0.19999999999999996,0.19999999999999996,0.20487804878048776
0.005070761392584206,0.055636852533257855,0.03597155392018115,0.05127405887347863,0.046159071610529304,0.04094501839796207,0.39,1.0,0.535,0.865,0.665,0.6877500000000001,0.6947569616734071,0.9361819865795722,0.8977634517650603,0.9256610732031948,0.9169958892648455,0.8997213730657293,0.1674453888423022,0.9820758735531927,0.841044041572709,0.9345263950683631,0.9043103277841172,0.8366682324294846,0.6779642780288357,0.9722760203715659,0.704083279535184,0.7922315472347751,0.7383975324582168,0.7651361093178395,0.19999999999999996,0.4,0.19999999999999996,0.19999999999999996,0.19999999999999996,0.205
0.005070761392584206,0.055642513444664594,0.032162114350410415,0.05161548259269742,0.04438862156807246,0.039714998085279965,0.4,1.0,0.525,0.8875,0.715,0.7082352941176471,0.6947569616734071,0.9361819865795722,0.8935577233319126,0.9254964090109561,0.9173321187812291,0.8962603618890561,0.1674453888423022,0.9591543074926595,0.8299805487189916,0.932336801948404,0.9120610844489754,0.8261981090529228,0.6797934151065204,0.9722760203715659,0.7065759271214404,0.822869593285991,0.7491212968940535,0.7731374236804686,0.19999999999999996,0.4,0.19999999999999996,0.19999999999999996,0.19999999999999996,0.20588235294117643
0.005070761392584206,0.055642513444664594,0.032162114350410415,0.05132642230399095,0.04438862156807246,0.039773302843863136,0.4,1.0,0.545,0.8875,0.715,0.7105263157894736,0.6947569616734071,0.9361819865795722,0.8916423534587736,0.9253278635077216,0.918357896761465,0.8976196748380412,0.1674453888423022,0.9591543074926595,0.8463177427744745,0.9354088133671613,0.9175234196519063,0.8392302927704942,0.6797934151065204,0.9722760203715659,0.7065759271214404,0.822869593285991,0.7475611505630874,0.7717438906066544,0.19999999999999996,0.4,0.19999999999999996,0.19999999999999996,0.19999999999999996,0.20526315789473684
0.005070761392584206,0.055642513444664594,0.035706198697990375,0.051477497877158225,0.04521086894990093,0.04056080992454419,0.4,1.0,0.54,0.88,0.68,0.6997560975609757,0.6947569616734071,0.9361819865795722,0.8944372976736709,0.9246898607483465,0.9196638236903033,0.8993023175666371,0.1674453888423022,0.9642257455150484,0.8467559407632363,0.936147833016333,0.9221990215742232,0.8433961058929798,0.6797934151065204,0.9722760203715659,0.7050785452980417,0.7930923176242737,0.7367835879779069,0.7671502376741004,0.19999999999999996,0.4,0.19999999999999996,0.19999999999999996,0.19999999999999996,0.20487804878048776
0.005253325785451457,0.055642513444664594,0.035794650438720634,0.051370294367393154,0.04488536654401358,0.040569999865216394,0.4,1.0,0.545,0.875,0.6950000000000001,0.7011904761904763,0.6947569616734071,0.9361819865795722,0.8963049318981394,0.9246063044350492,0.918357896761465,0.8998751577293062,0.1674453888423022,0.9642257455150484,0.8499394521438095,0.9387514417227918,0.9238418346475331,0.8447585146971066,0.6797934151065204,0.9722760203715659,0.7071497740477728,0.7928053941611075,0.7414819596872535,0.7667073141572819,0.19999999999999996,0.4,0.19999999999999996,0.19999999999999996,0.19999999999999996,0.2047619047619047
0.005253325785451457,0.055714690065100485,0.03593758845174073,0.051611944523068214,0.046071327483724875,0.04117180866119445,0.35,1.0,0.535,0.8725,0.675,0.693,0.6947569616734071,0.9334869519301705,0.8973981308140062,0.925413058556756,0.9208078930982877,0.9002998707752171,0.1674453888423022,0.9642257455150484,0.8563064749049557,0.9360002327122121,0.9185499521635847,0.8405017519329355,0.6683523420127682,0.9722760203715659,0.7017699591134064,0.7936034000430385,0.7293594433684815,0.763254967362456,0.19999999999999996,0.4,0.19999999999999996,0.19999999999999996,0.19999999999999996,0.205
0.005253325785451457,0.055714690065100485,0.036014718369657514,0.05177752618171526,0.04693178601754883,0.04148529888921872,0.35,1.0,0.52,0.87,0.67,0.6860975609756098,0.6947569616734071,0.9334869519301705,0.898385075194118,0.9253767450284373,0.9224195975960041,0.901209593236105,0.1674453888423022,0.9631648031852749,0.8594899862855289,0.9359510326108386,0.9175758560788052,0.8413956590910574,0.6683523420127682,0.9722760203715659,0.6973316117925543,0.7930923176242737,0.721935298759056,0.7611012262478983,0.19999999999999996,0.4,0.19999999999999996,0.19999999999999996,0.19999999999999996,0.20487804878048776
0.005253325785451457,0.055714690065100485,0.035706198697990375,0.05104868383809793,0.04455986413812624,0.040556299293916055,0.35,1.0,0.56,0.88,0.71,0.7078378378378378,0.6947569616734071,0.9354136056101464,0.898385075194118,0.9250525381748231,0.9196638236903033,0.8986256297935024,0.1674453888423022,0.96448402983266,0.8461716767782205,0.9350455541252469,0.9122150656742197,0.8279646453692728,0.6683523420127682,0.9722760203715659,0.7050785452980417,0.7951366472993329,0.7461803313966,0.7669910065003674,0.19999999999999996,0.4,0.19999999999999996,0.19999999999999996,0.19999999999999996,0.2054054054054054
0.005253325785451457,0.055963770166996885,0.03593758845174073,0.051175700537786584,0.04640178318709312,0.041290829323521086,0.36,1.0,0.555,0.8725,0.685,0.6995,0.6947569616734071,0.9354136056101464,0.9002220812444549,0.9251699034165455,0.9175833615389679,0.9001893062309302,0.1674453888423022,0.96448402983266,0.8466098747669824,0.9343348103886361,0.9154333986922653,0.8411126780593431,0.6707911914496808,0.9722760203715659,0.7046212610286205,0.7927426296535399,0.7244996772111039,0.7620633383544939,0.19999999999999996,0.4,0.19999999999999996,0.19999999999999996,0.19999999999999996,0.205
0.005253325785451457,0.055963770166996885,0.035687800735918485,0.051611944523068214,0.04438862156807246,0.040353846274805795,0.36,1.0,0.535,0.8825000000000001,0.715,0.7133333333333334,0.6947569616734071,0.9354136056101464,0.9002220812444549,0.926027772955397,0.913547220892405,0.8980825470901075,0.1674453888423022,0.96448402983266,0.8217675526671981,0.9343348103886361,0.9066250729016804,0.8285278571818617,0.6707911914496808,0.9722760203715659,0.6964977404777275,0.7956835951509935,0.7427013844057098,0.7652228837402069,0.19999999999999996,0.4,0.19999999999999996,0.19999999999999996,0.19999999999999996,0.20555555555555555
0.005253325785451457,0.055963770166996885,0.035651004811774696,0.051848641381262384,0.04360104726861025,0.04023012349725149,0.36,1.0,0.525,0.8875,0.735,0.7160526315789474,0.6947569616734071,0.9354136056101464,0.8989974105442303,0.9252818169734244,0.914918528284409,0.8987046292009239,0.1674453888423022,0.96448402983266,0.8299805487189916,0.9348086395463766,0.9099057007748536,0.8336337753915405,0.6707911914496808,0.9722760203715659,0.6948299978480741,0.7967774908543146,0.7475611505630874,0.7664169299944503,0.19999999999999996,0.4,0.19999999999999996,0.19999999999999996,0.19999999999999996,0.20526315789473684
0.005253325785451457,0.055963770166996885,0.035651004811774696,0.05152278516841211,0.0440461364279649,0.040275857702563804,0.36,1.0,0.5525,0.8875,0.725,0.7194736842105263,0.6947569616734071,0.9354136056101464,0.8989974105442303,0.9245501751719649,0.9181544097886962,0.8987549218731127,0.1674453888423022,0.9508489127460364,0.8299805487189916,0.9310058153514307,0.89080876033596,0.8277968525226026,0.6707911914496808,0.9722760203715659,0.6952603830428232,0.7967774908543146,0.7452478301413098,0.7659610614658013,0.19999999999999996,0.4,0.19999999999999996,0.19999999999999996,0.19999999999999996,0.20526315789473684
0.005253325785451457,0.05657090291536938,0.030448627228983866,0.05255660911406737,0.042984715539201815,0.03910411511737261,0.34,1.0,0.55,0.915,0.75,0.7287096774193549,0.6947569616734071,0.9354136056101464,0.8934592699479609,0.9237948700475556,0.9091635453485973,0.8941867605606365,0.1674453888423022,0.9398200485518834,0.8049022385672112,0.9261768613712799,0.8824145164693563,0.805114679375015,0.6683164765798724,0.9722760203715659,0.6896564091528585,0.82971092461086,0.7461803313966,0.7733940963183555,0.19999999999999996,0.4,0.19999999999999996,0.19999999999999996,0.19999999999999996,0.2064516129032258
0.005253325785451457,0.05777526181715256,0.026478913105009907,0.04685430229266912,0.038334984432493634,0.035911002385669806,0.46,1.0,0.6875,0.9325,0.8300000000000001,0.7992857142857144,0.6947569616734071,0.929387120016919,0.8846004480201441,0.9199700348338868,0.9049550360172929,0.8873138946003605,0.1674453888423022,0.9633263109550037,0.7973043473001356,0.9092265672354014,0.8450922175962903,0.7871067112780631,0.6578796356072018,0.9722760203715659,0.7189853669033786,0.8555878344451617,0.775500322788896,0.7909544816420219,0.19999999999999996,0.4,0.19999999999999996,0.19999999999999996,0.19999999999999996,0.20714285714285713
0.005253325785451457,0.05777526181715256,0.02793942824794792,0.04892725728842344,0.036995471270874616,0.036669284077317094,0.46,1.0,0.665,0.925,0.81,0.7922580645161289,0.6947569616734071,0.929387120016919,0.8876256487314149,0.9161878072231588,0.9004570101916031,0.8874206498530257,0.1674453888423022,0.9633263109550037,0.7930554457595185,0.897660139985351,0.8581083539638913,0.7925003184750806,0.6578796356072018,0.9722760203715659,0.7074277311527151,0.8510149917509504,0.7855964421490568,0.7864780376286237,0.19999999999999996,0.4,0.19999999999999996,0.19999999999999996,0.19999999999999996,0.2064516129032258
0.005253325785451457,0.05777526181715256,0.030448627228983866,0.048649165015567514,0.04033965468440419,0.037771427006199614,0.46,1.0,0.67,0.915,0.8,0.7854838709677419,0.6947569616734071,0.929387120016919,0.890664557356118,0.9184729742162586,0.9040584765443157,0.8894257818666177,0.1674453888423022,0.9633263109550037,0.7930554457595185,0.9066655440237555,0.8769087187033398,0.7916429450172345,0.6578796356072018,0.9722760203715659,0.7132199985653827,0.82971092461086,0.7632881428878846,0.7796277399455309,0.19999999999999996,0.4,0.19999999999999996,0.19999999999999996,0.19999999999999996,0.2064516129032258
0.005253325785451457,0.05777526181715256,0.03197318143221059,0.048833852250212285,0.03892938013020096,0.03790179203226719,0.46,1.0,0.6799999999999999,0.9125000000000001,0.81,0.78625,0.6947569616734071,0.9284763873421185,0.887970698594044,0.9144271834170555,0.9033859790308565,0.8869047358651958,0.1674453888423022,0.953930614986617,0.7743920618963079,0.8950578985156077,0.8747377690884011,0.7728666517832139,0.6578796356072018,0.9722760203715659,0.7030700810558783,0.8210673552829783,0.7677892547163043,0.7789490083207804,0.19999999999999996,0.4,0.19999999999999996,0.19999999999999996,0.19999999999999996,0.20624999999999996
0.005253325785451457,0.05777526181715256,0.028106425134446646,0.04924568355505237,0.03698273422020945,0.03774637164859404,0.46,1.0,0.65,0.92,0.83,0.7889655172413792,0.6947569616734071,0.9284763873421185,0.8869355490061567,0.9167782109972362,0.9027134815173972,0.8866073897239984,0.1674453888423022,0.953930614986617,0.7538334293425273,0.8950166150554187,0.8461716767782205,0.76116595285757,0.6578796356072018,0.9722760203715659,0.6988738254070727,0.8509791263180546,0.7858833656122229,0.779426350951918,0.19999999999999996,0.4,0.19999999999999996,0.19999999999999996,0.19999999999999996,0.20689655172413793
0.005253325785451457,0.05777526181715256,0.03197318143221059,0.05151570902915369,0.039821681290687805,0.03906811668553638,0.46,1.0,0.6375,0.9125000000000001,0.815,0.7728125,0.6947569616734071,0.9284763873421185,0.887970698594044,0.9169355745971675,0.9036519120361461,0.8892975685540158,0.1674453888423022,0.953930614986617,0.7743920618963079,0.8950578985156077,0.8725025429853854,0.7756384056153339,0.6578796356072018,0.9722760203715659,0.6972598809267627,0.8210673552829783,0.7635929990674988,0.7716044401405925,0.19999999999999996,0.4,0.19999999999999996,0.19999999999999996,0.19999999999999996,0.20624999999999996
0.005253325785451457,0.05777526181715256,0.03355929804698557,0.05155533540900085,0.04351401075573168,0.040180233429346825,0.46,1.0,0.6325000000000001,0.9075,0.775,0.7605882352941178,0.6947569616734071,0.92563856807307,0.8872805988687857,0.9162645978846845,0.908943668939298,0.8899889048697127,0.1674453888423022,0.9398200485518834,0.7606863068604541,0.8933504274583179,0.8725025429853854,0.7762808767790625,0.6578796356072018,0.9722760203715659,0.6900329961982641,0.8098952729359443,0.7324976687468618,0.7645687498153985,0.19999999999999996,0.4,0.19999999999999996,0.19999999999999996,0.19999999999999996,0.20588235294117643
0.005253325785451457,0.05777526181715256,0.034153693744692896,0.05151570902915369,0.04447919615058024,0.04058142277573355,0.46,1.0,0.6375,0.9025000000000001,0.765,0.7600000000000001,0.7164047384772623,0.9304556608568266,0.8859745137274686,0.9184875737053804,0.9113733229273252,0.8930355518017206,0.1674453888423022,0.9504757266988691,0.751468738821982,0.8952164461766512,0.8725025429853854,0.7701422051167021,0.6578796356072018,0.9722760203715659,0.6906427085574923,0.8074922889319274,0.7271357865289434,0.7612079477799297,0.19999999999999996,0.4,0.19999999999999996,0.19999999999999996,0.19999999999999996,0.20555555555555555
0.005253325785451457,0.05829606566657232,0.034153693744692896,0.051904542881403906,0.044657514859892444,0.0408635641727207,0.43,1.0,0.6375,0.9025000000000001,0.765,0.7555555555555554,0.7164047384772623,0.9304556608568266,0.887970698594044,0.9176143645388868,0.908943668939298,0.8928931025846811,0.1674453888423022,0.9504757266988691,0.7495762234949813,0.8836967653264021,0.853265197361631,0.7646631772720293,0.6550462664084356,0.9722760203715659,0.6906427085574923,0.8074922889319274,0.7252349185854674,0.7603093194334856,0.19999999999999996,0.4,0.19999999999999996,0.19999999999999996,0.19999999999999996,0.20555555555555555
0.005253325785451457,0.05829606566657232,0.034153693744692896,0.051904542881403906,0.04484149448061138,0.040920566405635746,0.43,1.0,0.6375,0.9025000000000001,0.765,0.7561111111111112,0.7164047384772623,0.92563856807307,0.887970698594044,0.9168451854618646,0.9077011116565568,0.8922449003655201,0.1674453888423022,0.9398200485518834,0.7495762234949813,0.8906195540139054,0.8478270116811444,0.7619972660877585,0.6550462664084356,0.9722760203715659,0.6906427085574923,0.8074922889319274,0.7264005451545801,0.7600353473766428,0.19999999999999996,0.4,0.19999999999999996,0.19999999999999996,0.19999999999999996,0.20555555555555555
0.005253325785451457,0.05829606566657232,0.034153693744692896,0.051904542881403906,0.04484149448061138,0.04089410950718622,0.43,1.0,0.6375,0.9025000000000001,0.765,0.7622222222222221,0.7164047384772623,0.92563856807307,0.8892164819180086,0.9168451854618646,0.9077011116565568,0.8932250764457363,0.1674453888423022,0.9398200485518834,0.7743920618963079,0.8795251829697294,0.8433307685931619,0.7686167675812122,0.6550462664084356,0.9722760203715659,0.6906427085574923,0.8074922889319274,0.7264005451545801,0.7606450597358709,0.19999999999999996,0.4,0.19999999999999996,0.19999999999999996,0.19999999999999996,0.20555555555555555
0.005253325785451457,0.058529578262100194,0.03226118030002831,0.051120506651570904,0.04259198981035947,0.03929296881503804,0.44,1.0,0.6525000000000001,0.9175,0.8049999999999999,0.7823529411764705,0.7164047384772623,0.9267972060776074,0.8872805988687857,0.9135802574727818,0.9047496485423494,0.8898249552383567,0.1674453888423022,0.9398200485518834,0.7410618117998895,0.8713123595299914,0.8388235212385547,0.7497378635068669,0.6523204935083566,0.9722760203715659,0.6944803098773402,0.8121189297754824,0.7496234129545944,0.769717549167289,0.19999999999999996,0.4,0.19999999999999996,0.19999999999999996,0.19999999999999996,0.20588235294117643
0.005253325785451457,0.058529578262100194,0.032594820266062835,0.05078615907161053,0.042966317577129924,0.03955387974606769,0.44,1.0,0.655,0.915,0.79,0.7811428571428571,0.7164047384772623,0.9245658675563059,0.8876256487314149,0.9174565905332339,0.9062683681951864,0.8907258675353815,0.1674453888423022,0.9398200485518834,0.7453190176474354,0.8713797561979377,0.8426487787719639,0.7522170875037583,0.6523204935083566,0.9722760203715659,0.6920593931568754,0.8117782081629725,0.7414102288214619,0.7678891655650855,0.19999999999999996,0.4,0.19999999999999996,0.19999999999999996,0.19999999999999996,0.20571428571428568
0.005253325785451457,0.058529578262100194,0.03292846023209737,0.05145379281064251,0.044179167846023215,0.040019459382960657,0.44,1.0,0.6575,0.9125000000000001,0.78,0.7783333333333334,0.7164047384772623,0.9245658675563059,0.887970698594044,0.9176290939247347,0.9071277666942987,0.8926469762167145,0.1674453888423022,0.9398200485518834,0.7495762234949813,0.8794498453854506,0.8433307685931619,0.7594887377428942,0.6523204935083566,0.9722760203715659,0.692301484828922,0.8114374865504627,0.7302740119073238,0.7651571304465645,0.19999999999999996,0.4,0.19999999999999996,0.19999999999999996,0.19999999999999996,0.20555555555555555
0.005253325785451457,0.058681007642230394,0.032594820266062835,0.05087248797056326,0.04385225021228418,0.039753912094132864,0.45,1.0,0.67,0.915,0.79,0.7831428571428571,0.7164047384772623,0.9308677616994498,0.8876256487314149,0.9151751041048759,0.9059831232227136,0.8917407666040341,0.1674453888423022,0.9398200485518834,0.7453190176474354,0.8873346836242262,0.8321791300085492,0.7579730545391197,0.6526074169715228,0.9722760203715659,0.6927229036654472,0.8117782081629725,0.7349903163331182,0.7668951807105455,0.19999999999999996,0.4,0.19999999999999996,0.19999999999999996,0.19999999999999996,0.20571428571428568
0.005253325785451457,0.058681007642230394,0.0332621001981319,0.05145343900367959,0.04527455420322672,0.04059018826355368,0.45,1.0,0.66,0.91,0.78,0.7743243243243243,0.7164047384772623,0.9308677616994498,0.8879478638383249,0.917387894442904,0.9055625893413144,0.8926268333146744,0.1674453888423022,0.9398200485518834,0.7538334293425273,0.8929064230030355,0.8249489980823608,0.7599112530462587,0.6508858761925256,0.9722760203715659,0.6923463166200416,0.8110967649379528,0.7293953088013772,0.7606341008535974,0.19999999999999996,0.4,0.19999999999999996,0.19999999999999996,0.19999999999999996,0.2054054054054054
0.005253325785451457,0.058681007642230394,0.0332621001981319,0.0540107557316728,0.04527455420322672,0.04087614078839666,0.45,1.0,0.65,0.91,0.78,0.7708108108108108,0.7164047384772623,0.9324270055973668,0.8879478638383249,0.913967998972906,0.9027134815173972,0.8925141185110274,0.1674453888423022,0.9398200485518834,0.7538334293425273,0.8679937886277836,0.8241825801479885,0.7530781963823184,0.6508858761925256,0.9722760203715659,0.6827702460368696,0.8110967649379528,0.7293953088013772,0.7593332519091074,0.19999999999999996,0.4,0.19999999999999996,0.19999999999999996,0.19999999999999996,0.2054054054054054
0.005253325785451457,0.058681007642230394,0.03445089159354656,0.0540107557316728,0.046028870648174354,0.04188449669665109,0.45,1.0,0.65,0.9,0.76,0.7619512195121951,0.7164047384772623,0.9324270055973668,0.888315748456673,0.917387894442904,0.9080137446870306,0.8946806671832744,0.1674453888423022,0.9398200485518834,0.7756833649675814,0.8679937886277836,0.8249489980823608,0.7642808853583961,0.6508858761925256,0.9722760203715659,0.6797575496736246,0.8062907969299189,0.7187074097984363,0.7528268084488463,0.19999999999999996,0.4,0.19999999999999996,0.19999999999999996,0.19999999999999996,0.20487804878048776
0.005253325785451457,0.058681007642230394,0.034316091140673646,0.05426938862156807,0.0462836116614775,0.04226089725445796,0.45,1.0,0.6375,0.9025000000000001,0.755,0.75775,0.7164047384772623,0.9324270055973668,0.8875832227348859,0.9174747997134435,0.9076626992414674,0.894542396412884,0.1674453888423022,0.9254292313116572,0.770541088457521,0.8517984942482911,0.8221830169611712,0.7588664695209921,0.6508858761925256,0.9722760203715659,0.6747363890682161,0.8076716160964063,0.7186894770819884,0.7496117566889032,0.19999999999999996,0.4,0.19999999999999996,0.19999999999999996,0.19999999999999996,0.205
0.005253325785451457,0.058681007642230394,0.03504174922162469,0.054421879422587034,0.046028870648174354,0.04267264134176765,0.45,1.0,0.635,0.895,0.76,0.7553488372093022,0.7164047384772623,0.9308677616994498,0.8842385267304642,0.9156783463154585,0.9080137446870306,0.8927000668829136,0.1674453888423022,0.9254292313116572,0.7447699973514856,0.8499276469371968,0.8189928472689424,0.7550000444271963,0.6508858761925256,0.9722760203715659,0.6746287927695287,0.8018076178179471,0.7187074097984363,0.7477150382926052,0.19999999999999996,0.4,0.19999999999999996,0.19999999999999996,0.19999999999999996,0.20465116279069762
0.005253325785451457,0.058681007642230394,0.03445089159354656,0.0540107557316728,0.04527455420322672,0.04202622658833438,0.45,1.0,0.65,0.9,0.78,0.7658536585365854,0.7164047384772623,0.9308677616994498,0.8830914078914043,0.9138366572736057,0.9027134815173972,0.8908789355014153,0.1674453888423022,0.9142373875840152,0.744374667260346,0.8426487787719639,0.8133196925710466,0.747477464029687,0.6508858761925256,0.9722760203715659,0.6748439853669034,0.8062907969299189,0.7293953088013772,0.7513265836338157,0.19999999999999996,0.4,0.19999999999999996,0.19999999999999996,0.19999999999999996,0.20487804878048776
0.005253325785451457,0.05958675346730824,0.03474632040758562,0.05451351542598358,0.047007500707613926,0.04290576604261858,0.43,1.0,0.6325000000000001,0.8975,0.765,0.7509523809523809,0.7164047384772623,0.9308677616994498,0.8861181712913113,0.9133715987805832,0.904859737705769,0.8920219084694623,0.1674453888423022,0.9142373875840152,0.7445723323059158,0.8344003747321753,0.8136046058815719,0.7521210489883978,0.6508858761925256,0.9722760203715659,0.6699483537766301,0.8040492073739329,0.7220428950577433,0.7461009150809021,0.19999999999999996,0.4,0.19999999999999996,0.19999999999999996,0.19999999999999996,0.2047619047619047
0.005253325785451457,0.05958675346730824,0.035632606849702805,0.05591565242003963,0.04840786866685536,0.043902192030694724,0.43,1.0,0.58,0.89,0.74,0.7353333333333334,0.7164047384772623,0.9308677616994498,0.8908078083398119,0.9119764233015155,0.9076436759157431,0.8943149144166926,0.1674453888423022,0.9142373875840152,0.781169008112579,0.8431790144117951,0.820183453774354,0.7655844514133155,0.6508858761925256,0.9722760203715659,0.6641560863639624,0.7973244387059752,0.7048633527006671,0.7397293355330801,0.19999999999999996,0.4,0.19999999999999996,0.19999999999999996,0.19999999999999996,0.20444444444444435
0.005253325785451457,0.05958675346730824,0.0353785734503255,0.05599844324936315,0.04814109821681291,0.04387891439158069,0.43,1.0,0.5774999999999999,0.8925000000000001,0.75,0.735909090909091,0.7164047384772623,0.9236919488231378,0.8896610978708014,0.9124414817945381,0.9067600771658546,0.8936024215534629,0.1674453888423022,0.9053658835135061,0.7746553208162693,0.8400696080177965,0.8215024472407529,0.7612915587698896,0.6508858761925256,0.9722760203715659,0.6634477440642709,0.7990011476938528,0.7059572484039882,0.7398199229219243,0.19999999999999996,0.4,0.19999999999999996,0.19999999999999996,0.19999999999999996,0.20454545454545447
0.0067803566374186235,0.05958675346730824,0.034870506651570904,0.05538848004528729,0.047007500707613926,0.04338209130241398,0.43,1.0,0.6225,0.8975,0.765,0.7454761904761905,0.7450000806151744,0.9236919488231378,0.8892051174835562,0.9134701050550584,0.9056044601670338,0.893870203829916,0.1674453888423022,0.9053658835135061,0.7616279462236498,0.8430464555018373,0.8209071439880471,0.7579171010889285,0.6508500107596299,0.9581450398106305,0.6661735169643497,0.8023545656696076,0.7172369270497095,0.7423948203483388,0.19999999999999996,0.4,0.19999999999999996,0.19999999999999996,0.19999999999999996,0.2047619047619047
0.0067803566374186235,0.060864704217378995,0.0353785734503255,0.055716105292952164,0.04814109821681291,0.0440423732084502,0.42,1.0,0.61,0.8925000000000001,0.75,0.7370454545454546,0.7450000806151744,0.9236919488231378,0.887519743693323,0.9141086520091544,0.90639832144945,0.8947837985156155,0.1674453888423022,0.9053658835135061,0.773967759224723,0.8468289229016716,0.8209071439880471,0.7626809126521352,0.6436051933146834,0.9581450398106305,0.6634477440642709,0.7990011476938528,0.7025320995624418,0.7384244315328886,0.19999999999999996,0.4,0.19999999999999996,0.19999999999999996,0.19999999999999996,0.20454545454545447
0.0067803566374186235,0.060864704217378995,0.0351245400509482,0.05578262100198132,0.04751061420888763,0.043844285441584,0.42,1.0,0.6,0.895,0.76,0.74,0.7450000806151744,0.9236919488231378,0.8860623600967124,0.9129610938321777,0.9057494369511276,0.8939528236036427,0.1674453888423022,0.9053658835135061,0.7683592307923499,0.8437926663641488,0.8189928472689424,0.7606831687099928,0.6436051933146834,0.9581450398106305,0.6610895918513737,0.8006778566817302,0.7083064342586616,0.7393291996336722,0.19999999999999996,0.4,0.19999999999999996,0.19999999999999996,0.19999999999999996,0.20465116279069762
0.0067803566374186235,0.060864704217378995,0.034264081517124255,0.05392371921879423,0.04527455420322672,0.0425394630843258,0.42,1.0,0.655,0.905,0.78,0.7623076923076921,0.7450000806151744,0.9236919488231378,0.8831195003974477,0.9126452347469929,0.9057494369511276,0.8923784302287981,0.1674453888423022,0.9053658835135061,0.7561282164274719,0.8411944494224346,0.8128271272505817,0.7528130138126764,0.6436051933146834,0.9581450398106305,0.6759378810702246,0.8078868086937809,0.7293953088013772,0.7477207057581493,0.19999999999999996,0.4,0.19999999999999996,0.19999999999999996,0.19999999999999996,0.20512820512820512
