heuristic,model,graph,seed,k,spread,community,fairness,budget,time
CELF,IC,facebook_combined_un,0,0,0.21178014359990097,0.08413588485418864,0.035461608494164014,0.201988954374493,0.0
CELF,IC,facebook_combined_un,0,1,0.3200306016340678,0.1580610490936568,0.07203000457903377,0.30161883883605883,0.0
CELF,IC,facebook_combined_un,0,2,0.4154756622926467,0.2391045135878395,0.11397583228347107,0.3861187330465098,0.0
CELF,IC,facebook_combined_un,0,3,0.44472936370388705,0.2686424752759666,0.1419924443585401,0.41130981583500603,0.0
CELF,IC,facebook_combined_un,0,4,0.45173386976974506,0.28091193241925033,0.16298128440676374,0.41732421453102747,0.0
CELF,IC,facebook_combined_un,0,5,0.46430331765288435,0.2926677883260555,0.18625053759325272,0.4279884760031755,0.0
CELF,IC,facebook_combined_un,0,6,0.4742897994553107,0.3152591816144573,0.20581385281673037,0.43642637493087266,0.0
CELF,IC,facebook_combined_un,0,7,0.47629071552364444,0.31795569368117593,0.20665116954697343,0.43811090494300925,0.0
CELF,IC,facebook_combined_un,0,8,0.4842356523892052,0.3283771282700322,0.2099607517282274,0.4446776133676611,0.0
CELF,IC,facebook_combined_un,0,9,0.4851301064619955,0.3289881855792779,0.21036086118135494,0.4454142528652938,0.0
CELF,IC,facebook_combined_un,0,10,0.48734501114137163,0.3305004553874996,0.2113657157802139,0.44723719104829757,0.0
CELF,IC,facebook_combined_un,0,11,0.48942072295122563,0.33480615172685013,0.2122445360376674,0.4489390488220539,0.0
CELF,IC,facebook_combined_un,0,12,0.4895383758356029,0.33488625158402774,0.21229672746158285,0.44903540207351195,0.0
CELF,IC,facebook_combined_un,0,13,0.49150928447635556,0.33624410077142997,0.21313099887787398,0.4506464496356297,0.0
CELF,IC,facebook_combined_un,0,14,0.49150928447635556,0.3368927772375668,0.21313099887787398,0.4506464496356297,0.0
CELF,IC,facebook_combined_un,0,15,0.49227321119088885,0.33741833495356316,0.21347408122141348,0.4512690348680509,0.0
CELF,IC,facebook_combined_un,0,16,0.49337962366922505,0.3381747125680924,0.21408333858170664,0.4521652079270864,0.0
CELF,IC,facebook_combined_un,0,17,0.49835263679128494,0.3422152918641942,0.21623241959157147,0.4561857734180621,0.0
CELF,IC,facebook_combined_un,0,18,0.49835263679128494,0.3422152918641942,0.21623373689509845,0.4561857734180621,0.0
CELF,IC,facebook_combined_un,0,19,0.49835263679128494,0.3422152918641942,0.21623423945899312,0.4561857734180621,0.0
CELF,IC,facebook_combined_un,0,20,0.4998104233721218,0.3432214370261536,0.2168618381522246,0.45735565311499604,0.0
CELF,IC,facebook_combined_un,0,21,0.4998104233721218,0.34322222921790296,0.2168618381522246,0.45735565311499604,0.0
CELF,IC,facebook_combined_un,0,22,0.5000981678633325,0.34473506196406967,0.21706858320236422,0.4575834630371398,0.0
CELF,IC,facebook_combined_un,0,23,0.5010075266154989,0.3453626768292867,0.2306080040137065,0.4583014794796436,0.0
CELF,IC,facebook_combined_un,0,24,0.5010075266154989,0.3453626768292867,0.24251334101140498,0.4583014794796436,0.0
CELF,IC,facebook_combined_un,0,25,0.5021810844268383,0.3461760695981717,0.24311151319621516,0.4592268575653624,0.0
CELF,IC,facebook_combined_un,0,26,0.5021810844268383,0.34617629670561634,0.24311151319621516,0.4592268575653624,0.0
CELF,IC,facebook_combined_un,0,27,0.5021810844268383,0.34617629670561634,0.24311151319621516,0.4592268575653624,0.0
CELF,IC,facebook_combined_un,0,28,0.5025536518940331,0.34644100313185805,0.24329599192495258,0.45951971276996584,0.0
CELF,IC,facebook_combined_un,0,29,0.5036417677642981,0.3477054690368949,0.24383275144199218,0.4603726149897369,0.0
CELF,IC,facebook_combined_un,0,30,0.5036417677642981,0.3477054690368949,0.24383275144199218,0.4603726149897369,0.0
CELF,IC,facebook_combined_un,0,31,0.5049384005942065,0.34860282003296583,0.24446655224534003,0.46138528849972993,0.0
CELF,IC,facebook_combined_un,0,32,0.5052262936370389,0.34880488839585877,0.2446067036397756,0.4616100190597323,0.0
CELF,IC,facebook_combined_un,0,33,0.5057106709581579,0.34913997593959667,0.24484116777544485,0.46198791180320065,0.0
CELF,IC,facebook_combined_un,0,34,0.5063871750433276,0.3496066433275963,0.24516945044026614,0.4625119832331578,0.0
CELF,IC,facebook_combined_un,0,35,0.5063952215895023,0.3496155259187401,0.24517333563649918,0.46251821385082575,0.0
CELF,IC,facebook_combined_un,0,36,0.5065615994057935,0.34974070015427167,0.24525332962587415,0.4626467715007627,0.0
CELF,IC,facebook_combined_un,0,37,0.5073851695964348,0.3503135852524277,0.24564776124236087,0.46328090925229665,0.0
CELF,IC,facebook_combined_un,0,38,0.508270883882149,0.35093045321061866,0.2502045254869397,0.4639615647910683,0.0
CELF,IC,facebook_combined_un,0,39,0.5085865313196336,0.35115135907180817,0.2503669138149697,0.46420386885193615,0.0
CELF,IC,facebook_combined_un,0,40,0.5085865313196336,0.3518575357362807,0.2503669138149697,0.46420386885193615,0.0
CELF,IC,facebook_combined_un,0,41,0.5092730873978708,0.35326248232555335,0.2507169146059906,0.4647293486622933,0.0
CELF,IC,facebook_combined_un,0,42,0.5094396632829908,0.3533785967411567,0.26067728064724116,0.46485643066747007,0.0
CELF,IC,facebook_combined_un,0,43,0.5099491210695717,0.3537341102045347,0.2609560541738663,0.46524467162547806,0.0
CELF,IC,facebook_combined_un,0,44,0.5101362961128992,0.3538645460311688,0.2610580731043263,0.4653871707692015,0.0
CELF,IC,facebook_combined_un,0,45,0.5120127506808616,0.35517266798935726,0.2620768446772544,0.4668150793905771,0.0
CELF,IC,facebook_combined_un,0,46,0.5120127506808616,0.35517266798935726,0.2620768446772544,0.4668150793905771,0.0
CELF,IC,facebook_combined_un,0,47,0.5120127506808616,0.35517266798935726,0.2620768446772544,0.4668150793905771,0.0
CELF,IC,facebook_combined_un,0,48,0.5120127506808616,0.35517266798935726,0.2620768446772544,0.4668150793905771,0.0
CELF,IC,facebook_combined_un,0,49,0.5120127506808616,0.35517266798935726,0.2620768446772544,0.4668150793905771,0.0
CELF,IC,facebook_combined_un,0,50,0.5128075018568953,0.35573248141192343,0.2625050608220326,0.4674150720494205,0.0
CELF,IC,facebook_combined_un,0,51,0.5128633077494429,0.3570483194353184,0.26253588312336296,0.4674571529958693,0.0
CELF,IC,facebook_combined_un,0,52,0.5133220351572172,0.35736795409512256,0.26278590267949337,0.4678022691118363,0.0
CELF,IC,facebook_combined_un,0,53,0.5133220351572172,0.35736795409512256,0.26278590267949337,0.4678022691118363,0.0
CELF,IC,facebook_combined_un,0,54,0.5133220351572172,0.35736795409512256,0.26278590267949337,0.4678022691118363,0.0
CELF,IC,facebook_combined_un,0,55,0.5142322852191137,0.3580092270188827,0.2632779228035632,0.4684825303181167,0.0
CELF,IC,facebook_combined_un,0,56,0.5142322852191137,0.3580124380512856,0.2674865370649615,0.4684825303181167,0.0
CELF,IC,facebook_combined_un,0,57,0.5142322852191137,0.3580134346527692,0.2674888685063014,0.4684825303181167,0.0
CELF,IC,facebook_combined_un,0,58,0.5142322852191137,0.3580143171674582,0.2676174591963538,0.4684825303181167,0.0
CELF,IC,facebook_combined_un,0,59,0.5142810101510276,0.3584443938715369,0.2676489388331338,0.46851872425727675,0.0
CELF,IC,facebook_combined_un,0,60,0.5142810101510276,0.35867740964970596,0.2692342790778179,0.46851872425727675,0.0
CELF,IC,facebook_combined_un,0,61,0.5148458776924981,0.3595401996516176,0.2695598455938675,0.4689374704646333,0.0
CELF,IC,facebook_combined_un,0,62,0.5151601138895766,0.35976421023809757,0.26973976622738094,0.4691703636546284,0.0
CELF,IC,facebook_combined_un,0,63,0.5151601138895766,0.35976421023809757,0.26973986626093904,0.4691703636546284,0.0
CELF,IC,facebook_combined_un,0,64,0.5151601138895766,0.35976421023809757,0.26973986626093904,0.4691703636546284,0.0
CELF,IC,facebook_combined_un,0,65,0.5151601138895766,0.3599334676941618,0.26973986626093904,0.4691703636546284,0.0
CELF,IC,facebook_combined_un,0,66,0.5157030700668482,0.36031915083075194,0.27032486333659766,0.46956880696358755,0.0
CELF,IC,facebook_combined_un,0,67,0.51588445159693,0.3604500520637929,0.271100731875093,0.4697013583998522,0.0
CELF,IC,facebook_combined_un,0,68,0.5168914335231493,0.3621080193741406,0.2716837714836122,0.4704365358429558,0.0
CELF,IC,facebook_combined_un,0,69,0.5168914335231493,0.3621080193741406,0.27233949869212254,0.4704365358429558,0.0
CELF,IC,facebook_combined_un,0,70,0.5168914335231493,0.3621080193741406,0.2725671690824674,0.4704365358429558,0.0
CELF,IC,facebook_combined_un,0,71,0.5168914335231493,0.3621080193741406,0.2730141814086636,0.4704365358429558,0.0
CELF,IC,facebook_combined_un,0,72,0.5168914335231493,0.3621080193741406,0.27355935443751106,0.4704365358429558,0.0
CELF,IC,facebook_combined_un,0,73,0.5168914335231493,0.3621080193741406,0.27491538843640007,0.4704365358429558,0.0
CELF,IC,facebook_combined_un,0,74,0.5169918544194108,0.3621790515630503,0.27497583911782586,0.4705085005236461,0.0
CELF,IC,facebook_combined_un,0,75,0.5169918544194108,0.36217936412681695,0.27497583911782586,0.4705085005236461,0.0
CELF,IC,facebook_combined_un,0,76,0.5169918544194108,0.3621795112676817,0.2758250718675155,0.4705085005236461,0.0
CELF,IC,facebook_combined_un,0,77,0.5172589254766031,0.3623700127627023,0.27614400097062736,0.47069869840922,0.0
CELF,IC,facebook_combined_un,0,78,0.5172589254766031,0.36237010962138627,0.27641934911847366,0.47069869840922,0.0
CELF,IC,facebook_combined_un,0,79,0.5172589254766031,0.36237010962138627,0.27641934911847366,0.47069869840922,0.0
CELF,IC,facebook_combined_un,0,80,0.5177110175786086,0.3626918317096175,0.2767458473565809,0.47101890114606937,0.0
CELF,IC,facebook_combined_un,0,81,0.5177110175786086,0.3626918317096175,0.2767458473565809,0.47101890114606937,0.0
CELF,IC,facebook_combined_un,0,82,0.5177110175786086,0.3626918317096175,0.27674789488774865,0.47101890114606937,0.0
CELF,IC,facebook_combined_un,0,83,0.5177110175786086,0.3626922035544692,0.27674789488774865,0.47101890114606937,0.0
CELF,IC,facebook_combined_un,0,84,0.5181586531319634,0.36301148850275267,0.2770217519471638,0.4713348186060134,0.0
CELF,IC,facebook_combined_un,0,85,0.5181586531319634,0.3630128820585641,0.2772684145100474,0.4713348186060134,0.0
CELF,IC,facebook_combined_un,0,86,0.5181586531319634,0.3632653051596029,0.2772684145100474,0.4713348186060134,0.0
CELF,IC,facebook_combined_un,0,87,0.5181638029215152,0.36327150370974237,0.2772714488803494,0.4713384368782725,0.0
CELF,IC,facebook_combined_un,0,88,0.5181638029215152,0.36327150370974237,0.2772714488803494,0.4713384368782725,0.0
CELF,IC,facebook_combined_un,0,89,0.5181676157464719,0.3632744165408613,0.2772736988649036,0.4713411120802805,0.0
CELF,IC,facebook_combined_un,0,90,0.5182173805397375,0.36353365374974644,0.27794813784761335,0.47137598464412317,0.0
CELF,IC,facebook_combined_un,0,91,0.5182940331765289,0.36358912413500044,0.2780683563980725,0.47142949532659584,0.0
CELF,IC,facebook_combined_un,0,92,0.5182940331765289,0.3637573257743623,0.2780683563980725,0.47142949532659584,0.0
CELF,IC,facebook_combined_un,0,93,0.5183475860361476,0.3637965549606811,0.27819547588496585,0.47146647506525574,0.0
CELF,IC,facebook_combined_un,0,94,0.5183475860361476,0.3638435486192152,0.27819547588496585,0.47146647506525574,0.0
CELF,IC,facebook_combined_un,0,95,0.5183655360237682,0.3639632166046627,0.278206776892666,0.4714788501772803,0.0
CELF,IC,facebook_combined_un,0,96,0.518482198564001,0.36404862917412995,0.2782820191198742,0.47155921793439065,0.0
CELF,IC,facebook_combined_un,0,97,0.518482198564001,0.36404862917412995,0.27832198075989606,0.47155921793439065,0.0
CELF,IC,facebook_combined_un,0,98,0.518482198564001,0.36404862917412995,0.2783295259963374,0.47155921793439065,0.0
CELF,IC,facebook_combined_un,0,99,0.518482198564001,0.36404862917412995,0.27833212825553233,0.47155921793439065,0.0
CELF,IC,facebook_combined_un,1,0,0.20089130973013122,0.07669937612551164,0.03363832347280119,0.19160354179366318,0.0
CELF,IC,facebook_combined_un,1,1,0.30795543451349344,0.15045416059103467,0.06931390086616454,0.29274676421985146,0.0
CELF,IC,facebook_combined_un,1,2,0.40138905669720226,0.22833610160756376,0.11011610394343334,0.37773940704245185,0.0
CELF,IC,facebook_combined_un,1,3,0.4350424610051994,0.26205149442408326,0.13891644850248758,0.407538072432898,0.0
CELF,IC,facebook_combined_un,1,4,0.4437630354048031,0.27487666586848236,0.16013514139088403,0.41523353661793966,0.0
CELF,IC,facebook_combined_un,1,5,0.453806362961129,0.29095179189468967,0.18206765537288658,0.4240256138801181,0.0
CELF,IC,facebook_combined_un,1,6,0.4635740777420154,0.3133986155715184,0.20119604707883815,0.43250295143958584,0.0
CELF,IC,facebook_combined_un,1,7,0.4718126021292399,0.3189804703890883,0.22173581771414325,0.4395809457357197,0.0
CELF,IC,facebook_combined_un,1,8,0.4727464966575885,0.3196345050551336,0.22218091125446418,0.4403777908391896,0.0
CELF,IC,facebook_combined_un,1,9,0.47895360237682594,0.3290023630822116,0.2251143534176971,0.44557870997455384,0.0
CELF,IC,facebook_combined_un,1,10,0.48270378806635306,0.33316794677641015,0.2269023313497509,0.4486942692754404,0.0
CELF,IC,facebook_combined_un,1,11,0.48395318148056454,0.33403303570950027,0.22748073571041094,0.4497301884886306,0.0
CELF,IC,facebook_combined_un,1,12,0.4879860609061649,0.3383790675355264,0.22933947778863872,0.4529392921186288,0.0
CELF,IC,facebook_combined_un,1,13,0.4895563258232235,0.3394718937747242,0.2398156287239514,0.45418540289229953,0.0
CELF,IC,facebook_combined_un,1,14,0.49339321614260956,0.34213036060172175,0.2417305683693446,0.4572107118898706,0.0
CELF,IC,facebook_combined_un,1,15,0.49339321614260956,0.3421595402216029,0.24423315428639977,0.4572107118898706,0.0
CELF,IC,facebook_combined_un,1,16,0.4936552612032681,0.34234504565165247,0.2443689897975091,0.45741654067396703,0.0
CELF,IC,facebook_combined_un,1,17,0.4936717009160684,0.3423603317289132,0.24437717716979596,0.45742944122636886,0.0
CELF,IC,facebook_combined_un,1,18,0.4936717009160684,0.3423603317289132,0.24437717716979596,0.45742944122636886,0.0
CELF,IC,facebook_combined_un,1,19,0.4955828918049022,0.34368223642825113,0.24533362181198748,0.4589217479111907,0.0
CELF,IC,facebook_combined_un,1,20,0.4955828918049022,0.34368652039555725,0.24622137095098645,0.4589217479111907,0.0
CELF,IC,facebook_combined_un,1,21,0.4975349096310968,0.34517925852475817,0.24841430184212332,0.46044170162269027,0.0
CELF,IC,facebook_combined_un,1,22,0.4975349096310968,0.34517925852475817,0.248605708593425,0.46044170162269027,0.0
CELF,IC,facebook_combined_un,1,23,0.5002820500123794,0.34709040264661783,0.25264512337572864,0.4625685082205783,0.0
CELF,IC,facebook_combined_un,1,24,0.5015596929933153,0.34798433174128085,0.2533029257367821,0.46355685434815713,0.0
CELF,IC,facebook_combined_un,1,25,0.5015596929933153,0.3479895969158181,0.2533029257367821,0.46355685434815713,0.0
CELF,IC,facebook_combined_un,1,26,0.5019371131468185,0.34825316613097834,0.265496721656539,0.46384776325026456,0.0
CELF,IC,facebook_combined_un,1,27,0.5019371131468185,0.34825316613097834,0.2655614306902097,0.46384776325026456,0.0
CELF,IC,facebook_combined_un,1,28,0.5019959395890072,0.3482941266020182,0.2662178054272599,0.46389305099616224,0.0
CELF,IC,facebook_combined_un,1,29,0.5037168853676652,0.3506550555623579,0.2671669548040645,0.4652129782632868,0.0
CELF,IC,facebook_combined_un,1,30,0.5043737311215647,0.3511146378183795,0.2691403244580788,0.4657144977085284,0.0
CELF,IC,facebook_combined_un,1,31,0.5043737311215647,0.3511146378183795,0.2691403244580788,0.4657144977085284,0.0
CELF,IC,facebook_combined_un,1,32,0.5043737311215647,0.3511151185322453,0.2691403244580788,0.4657144977085284,0.0
CELF,IC,facebook_combined_un,1,33,0.5052081208219856,0.3517008702307191,0.2696017911012216,0.46634980482458577,0.0
CELF,IC,facebook_combined_un,1,34,0.5054973508294132,0.351902509505246,0.2697633020411914,0.46656943690207486,0.0
CELF,IC,facebook_combined_un,1,35,0.5054973508294132,0.351902509505246,0.2697633020411914,0.46656943690207486,0.0
CELF,IC,facebook_combined_un,1,36,0.5058427828670463,0.3521453334486789,0.26994974629469337,0.4668302798883299,0.0
CELF,IC,facebook_combined_un,1,37,0.5058427828670463,0.3521453334486789,0.2699501720103119,0.4668302798883299,0.0
CELF,IC,facebook_combined_un,1,38,0.5063631591978213,0.3525074085065084,0.27023529823693776,0.46722140821127534,0.0
CELF,IC,facebook_combined_un,1,39,0.5066637038871008,0.35271685504160477,0.2703994928516075,0.46744707933751756,0.0
CELF,IC,facebook_combined_un,1,40,0.5073143599900966,0.35318406187755746,0.2707543046598823,0.4679329052478064,0.0
CELF,IC,facebook_combined_un,1,41,0.5083091359247338,0.353877608929685,0.2796908715158204,0.4686746191276649,0.0
CELF,IC,facebook_combined_un,1,42,0.5083091359247338,0.35387848070001326,0.2796908715158204,0.4686746191276649,0.0
CELF,IC,facebook_combined_un,1,43,0.5083091359247338,0.3555652476970218,0.28495222904203443,0.4686746191276649,0.0
CELF,IC,facebook_combined_un,1,44,0.5103874721465709,0.3580281295654937,0.28623415859944884,0.4702202914671367,0.0
CELF,IC,facebook_combined_un,1,45,0.5103874721465709,0.35922045137678044,0.28782168967271393,0.4702202914671367,0.0
CELF,IC,facebook_combined_un,1,46,0.5103874721465709,0.35922045137678044,0.2881219550375621,0.4702202914671367,0.0
CELF,IC,facebook_combined_un,1,47,0.5103874721465709,0.35922045137678044,0.28818661935784684,0.4702202914671367,0.0
CELF,IC,facebook_combined_un,1,48,0.5103874721465709,0.35922045137678044,0.2885484631619426,0.4702202914671367,0.0
CELF,IC,facebook_combined_un,1,49,0.5104480812082198,0.35926362431235703,0.2885871617528326,0.47026499678394473,0.0
CELF,IC,facebook_combined_un,1,50,0.5120771973260708,0.36042681319398895,0.28957866966921453,0.4714641121603411,0.0
CELF,IC,facebook_combined_un,1,51,0.5124096063382025,0.36066679437955756,0.28978118498614763,0.4717085033014996,0.0
CELF,IC,facebook_combined_un,1,52,0.5124096063382025,0.36127675037034646,0.29048272335485636,0.4717085033014996,0.0
CELF,IC,facebook_combined_un,1,53,0.5124096063382025,0.36127676389625907,0.2915224433314877,0.4717085033014996,0.0
CELF,IC,facebook_combined_un,1,54,0.5124096063382025,0.36127676389625907,0.29158621940716895,0.4717085033014996,0.0
CELF,IC,facebook_combined_un,1,55,0.5124096063382025,0.36127676389625907,0.29158621940716895,0.4717085033014996,0.0
CELF,IC,facebook_combined_un,1,56,0.5128540727902946,0.36159508463840373,0.29185671468151136,0.47203030542902624,0.0
CELF,IC,facebook_combined_un,1,57,0.5134396137657836,0.3620127752663821,0.2922132657385733,0.47245194259741363,0.0
CELF,IC,facebook_combined_un,1,58,0.5138784352562515,0.3623303466299762,0.2924809749418193,0.47276771623553515,0.0
CELF,IC,facebook_combined_un,1,59,0.5138784352562515,0.3623303466299762,0.2924820185079968,0.47276771623553515,0.0
CELF,IC,facebook_combined_un,1,60,0.5138784352562515,0.3623303466299762,0.29248238926128445,0.47276771623553515,0.0
CELF,IC,facebook_combined_un,1,61,0.5138784352562515,0.3623313792267203,0.2924834313087862,0.47276771623553515,0.0
CELF,IC,facebook_combined_un,1,62,0.5144071799950483,0.36271038027383323,0.29280734903720684,0.4731450167660865,0.0
CELF,IC,facebook_combined_un,1,63,0.5144447387967319,0.3627371830139283,0.2928303553683767,0.47317181290978205,0.0
CELF,IC,facebook_combined_un,1,64,0.5144447387967319,0.3627371830139283,0.29283061132500976,0.47317181290978205,0.0
CELF,IC,facebook_combined_un,1,65,0.5147073037880664,0.3629241134876367,0.2929911876536521,0.4733587436641312,0.0
CELF,IC,facebook_combined_un,1,66,0.514735924733845,0.36294581118149494,0.2930086811176111,0.4733791074233672,0.0
CELF,IC,facebook_combined_un,1,67,0.5148846249071553,0.36305194493241,0.29309963655909815,0.473484815266784,0.0
CELF,IC,facebook_combined_un,1,68,0.515477246843278,0.36347479842849484,0.2934619940239311,0.47390562587045476,0.0
CELF,IC,facebook_combined_un,1,69,0.515477246843278,0.36347596683939626,0.2934619940239311,0.47390562587045476,0.0
CELF,IC,facebook_combined_un,1,70,0.5157312701163654,0.36372948935599203,0.29361715970352364,0.4740858685485849,0.0
CELF,IC,facebook_combined_un,1,71,0.5159193859866303,0.36386378475311487,0.29373210985225284,0.4742184559895968,0.0
CELF,IC,facebook_combined_un,1,72,0.5159193859866303,0.36386378475311487,0.2937340142111047,0.4742184559895968,0.0
CELF,IC,facebook_combined_un,1,73,0.5159193859866303,0.3638644835678918,0.29373437662969104,0.4742184559895968,0.0
CELF,IC,facebook_combined_un,1,74,0.5159193859866303,0.3638644835678918,0.29373437662969104,0.4742184559895968,0.0
CELF,IC,facebook_combined_un,1,75,0.5159441445902451,0.3638822732620248,0.2937495276723956,0.4742354747227013,0.0
CELF,IC,facebook_combined_un,1,76,0.5162923495914831,0.36413155845077816,0.29396238939196034,0.4744742715958682,0.0
CELF,IC,facebook_combined_un,1,77,0.5167792275315672,0.3644814776618118,0.29425987382938107,0.4748080402850512,0.0
CELF,IC,facebook_combined_un,1,78,0.5167792275315672,0.3644814776618118,0.29425987382938107,0.4748080402850512,0.0
CELF,IC,facebook_combined_un,1,79,0.5167792275315672,0.36448236621856855,0.29426025637215547,0.4748080402850512,0.0
CELF,IC,facebook_combined_un,1,80,0.5167792275315672,0.36448252227893335,0.294785153046728,0.4748080402850512,0.0
CELF,IC,facebook_combined_un,1,81,0.5170130230255013,0.36471050820672857,0.29534761941534743,0.4749665553469695,0.0
CELF,IC,facebook_combined_un,1,82,0.5170130230255013,0.36471050820672857,0.29562957458504163,0.4749665553469695,0.0
CELF,IC,facebook_combined_un,1,83,0.5170130230255013,0.36505465711565677,0.29562957458504163,0.4749665553469695,0.0
CELF,IC,facebook_combined_un,1,84,0.5170130230255013,0.3650547194552953,0.2956296742583414,0.4749665553469695,0.0
CELF,IC,facebook_combined_un,1,85,0.5170130230255013,0.3650547340740464,0.2956485755209969,0.4749665553469695,0.0
CELF,IC,facebook_combined_un,1,86,0.5170719485021045,0.3650972166347367,0.29568602377909825,0.4750061344553086,0.0
CELF,IC,facebook_combined_un,1,87,0.5170719485021045,0.3650972166347367,0.2956860583705812,0.4750061344553086,0.0
CELF,IC,facebook_combined_un,1,88,0.5170719485021045,0.3650972166347367,0.2956860583705812,0.4750061344553086,0.0
CELF,IC,facebook_combined_un,1,89,0.5170719485021045,0.3650972166347367,0.29668030975894794,0.4750061344553086,0.0
CELF,IC,facebook_combined_un,1,90,0.5170719485021045,0.3650972897504705,0.29668030975894794,0.4750061344553086,0.0
CELF,IC,facebook_combined_un,1,91,0.5172448625897499,0.36522223275506127,0.2967925852633597,0.47512055625811855,0.0
CELF,IC,facebook_combined_un,1,92,0.5172549641000248,0.3652295053782534,0.2967991074658493,0.4751272384587835,0.0
CELF,IC,facebook_combined_un,1,93,0.5172549641000248,0.3652295053782534,0.2971126212464249,0.4751272384587835,0.0
CELF,IC,facebook_combined_un,1,94,0.5172549641000248,0.3652295053782534,0.2971316154122463,0.4751272384587835,0.0
CELF,IC,facebook_combined_un,1,95,0.5172549641000248,0.3652296210604026,0.2971316154122463,0.4751272384587835,0.0
CELF,IC,facebook_combined_un,1,96,0.5172549641000248,0.3652296210604026,0.2971316154122463,0.4751272384587835,0.0
CELF,IC,facebook_combined_un,1,97,0.5172580094082694,0.3652318089685652,0.2971336996294009,0.47512923152363606,0.0
CELF,IC,facebook_combined_un,1,98,0.5172580094082694,0.3652318089685652,0.2971336996294009,0.47512923152363606,0.0
CELF,IC,facebook_combined_un,1,99,0.5172608566476851,0.36523387118287043,0.2971355463413632,0.4751310900455287,0.0
CELF,IC,facebook_combined_un,2,0,0.20913344887348356,0.08214267625587597,0.035018431666552184,0.19946462375855234,0.0
CELF,IC,facebook_combined_un,2,1,0.32036199554345135,0.15634727329227377,0.07210625473331966,0.3018354354373268,0.0
CELF,IC,facebook_combined_un,2,2,0.4152538499628621,0.23798530096008205,0.1139174495884597,0.38584556235794926,0.0
CELF,IC,facebook_combined_un,2,3,0.44526164892300074,0.268916494598495,0.14216719347077028,0.41168601711882785,0.0
CELF,IC,facebook_combined_un,2,4,0.4543839069076504,0.2858902245926921,0.16395038106191134,0.4195099384253101,0.0
CELF,IC,facebook_combined_un,2,5,0.4662853676652637,0.2936427674383534,0.1870592898515146,0.4296532707278656,0.0
CELF,IC,facebook_combined_un,2,6,0.47410745233968804,0.31570495387175557,0.20573682919926184,0.43629527714985505,0.0
CELF,IC,facebook_combined_un,2,7,0.4781369150779896,0.31880351808458157,0.20749957808462688,0.43970827826142356,0.0
CELF,IC,facebook_combined_un,2,8,0.4786881406288685,0.32132524141915364,0.20775328618499722,0.4401743190647371,0.0
CELF,IC,facebook_combined_un,2,9,0.48306127754394657,0.32427529992117043,0.20966449843751872,0.4438577142153479,0.0
CELF,IC,facebook_combined_un,2,10,0.48306127754394657,0.3255058205298579,0.20966449843751872,0.4438577142153479,0.0
CELF,IC,facebook_combined_un,2,11,0.4856437979697945,0.32726003692711003,0.2107642778776786,0.4460253723810422,0.0
CELF,IC,facebook_combined_un,2,12,0.4872865808368408,0.33063304574597785,0.2114783797539196,0.44740149284313363,0.0
CELF,IC,facebook_combined_un,2,13,0.4872865808368408,0.33063304574597785,0.21149547970430455,0.44740149284313363,0.0
CELF,IC,facebook_combined_un,2,14,0.48841081950977966,0.33139459538459803,0.21199539983581012,0.44833861538601916,0.0
CELF,IC,facebook_combined_un,2,15,0.4904079722703639,0.332768682739512,0.21286077512808507,0.45000071513292667,0.0
CELF,IC,facebook_combined_un,2,16,0.4904079722703639,0.332768682739512,0.21286077512808507,0.45000071513292667,0.0
CELF,IC,facebook_combined_un,2,17,0.4904079722703639,0.33328482608256443,0.21286077512808507,0.45000071513292667,0.0
CELF,IC,facebook_combined_un,2,18,0.4912525377568705,0.33386084840750746,0.21323551471319235,0.45069892115340454,0.0
CELF,IC,facebook_combined_un,2,19,0.49368514483783116,0.3355301296720993,0.2142917622597887,0.4527074928453025,0.0
CELF,IC,facebook_combined_un,2,20,0.49531128992324835,0.3366440441278473,0.2149938921237539,0.45404679811053833,0.0
CELF,IC,facebook_combined_un,2,21,0.4961855904926963,0.3398113136662517,0.21536740275366717,0.45476382282654315,0.0
CELF,IC,facebook_combined_un,2,22,0.4975393414211438,0.34425670306943484,0.21595836529965934,0.4558729127567733,0.0
CELF,IC,facebook_combined_un,2,23,0.49867556325823226,0.34612747836977686,0.21646310160094756,0.4568023294512797,0.0
CELF,IC,facebook_combined_un,2,24,0.49867556325823226,0.34612747836977686,0.2282811360177876,0.4568023294512797,0.0
CELF,IC,facebook_combined_un,2,25,0.49918063877197333,0.347019714500197,0.22860446110271,0.4572143582703688,0.0
CELF,IC,facebook_combined_un,2,26,0.500043575142362,0.3476265830888414,0.2403337397648882,0.45791729082142824,0.0
CELF,IC,facebook_combined_un,2,27,0.500043575142362,0.3476265830888414,0.2414559529893573,0.45791729082142824,0.0
CELF,IC,facebook_combined_un,2,28,0.5018404555583065,0.35020235982339004,0.24389390694811183,0.45936597249287703,0.0
CELF,IC,facebook_combined_un,2,29,0.5018404555583065,0.35020235982339004,0.24699103902945727,0.45936597249287703,0.0
CELF,IC,facebook_combined_un,2,30,0.5038491210695717,0.3516141493696392,0.2480378975794359,0.46098166720863654,0.0
CELF,IC,facebook_combined_un,2,31,0.5038491210695717,0.3516173473700609,0.24810155073471213,0.46098166720863654,0.0
CELF,IC,facebook_combined_un,2,32,0.5046993315177024,0.3522166856444853,0.24900334728371762,0.46166129391203103,0.0
CELF,IC,facebook_combined_un,2,33,0.5063100519930677,0.3533468320175269,0.26367410303741845,0.4629449247540765,0.0
CELF,IC,facebook_combined_un,2,34,0.5063100519930677,0.3533528872777627,0.2644732545996492,0.4629449247540765,0.0
CELF,IC,facebook_combined_un,2,35,0.5063100519930677,0.35335445299314994,0.2661569215948919,0.4629449247540765,0.0
CELF,IC,facebook_combined_un,2,36,0.5063100519930677,0.3533666956733944,0.26648615079972043,0.4629449247540765,0.0
CELF,IC,facebook_combined_un,2,37,0.507127383015598,0.35394153587710847,0.26720828021474563,0.46358608284638664,0.0
CELF,IC,facebook_combined_un,2,38,0.507127383015598,0.35394153587710847,0.26817060553169836,0.46358608284638664,0.0
CELF,IC,facebook_combined_un,2,39,0.508217801435999,0.3547131495346218,0.26927096501157066,0.4644390049218938,0.0
CELF,IC,facebook_combined_un,2,40,0.508217801435999,0.354715539328297,0.26932531532173104,0.4644390049218938,0.0
CELF,IC,facebook_combined_un,2,41,0.5083930923495914,0.35484146133949745,0.2696786247547611,0.46457588430183927,0.0
CELF,IC,facebook_combined_un,2,42,0.5083930923495914,0.35484146133949745,0.26982121162212463,0.46457588430183927,0.0
CELF,IC,facebook_combined_un,2,43,0.5088235206734341,0.35514559142693597,0.2706155712511147,0.46491123106036103,0.0
CELF,IC,facebook_combined_un,2,44,0.5090827927704877,0.3553289343099568,0.270777063890538,0.4651131038045122,0.0
CELF,IC,facebook_combined_un,2,45,0.5094490963109681,0.3579075556779141,0.2709717848088331,0.4653979237277057,0.0
CELF,IC,facebook_combined_un,2,46,0.5097860113889576,0.3581488875252756,0.2711387743953589,0.46565954977065893,0.0
CELF,IC,facebook_combined_un,2,47,0.5102452834860114,0.3591660773717246,0.2713672376864855,0.46601539776586764,0.0
CELF,IC,facebook_combined_un,2,48,0.5109224808120822,0.36103534880012456,0.2717063476676024,0.46653680045867885,0.0
CELF,IC,facebook_combined_un,2,49,0.5109224808120822,0.36103534880012456,0.27170721620843524,0.46653680045867885,0.0
CELF,IC,facebook_combined_un,2,50,0.5124240901213172,0.36211694821528273,0.2724616010974368,0.4676887008176057,0.0
CELF,IC,facebook_combined_un,2,51,0.5124240901213172,0.36211694821528273,0.27246413213563936,0.4676887008176057,0.0
CELF,IC,facebook_combined_un,2,52,0.5124240901213172,0.36211694821528273,0.27246939564950456,0.4676887008176057,0.0
CELF,IC,facebook_combined_un,2,53,0.5126428571428572,0.36227329706034317,0.2726242432007637,0.46785499007996373,0.0
CELF,IC,facebook_combined_un,2,54,0.5128193859866303,0.36240096730401405,0.2727189298038606,0.46798887646534637,0.0
CELF,IC,facebook_combined_un,2,55,0.5136861846991829,0.3630241219640782,0.2731736121346202,0.4686437978657345,0.0
CELF,IC,facebook_combined_un,2,56,0.514040232730874,0.36327958754305767,0.2733624589555669,0.4689108023672699,0.0
CELF,IC,facebook_combined_un,2,57,0.514040232730874,0.3636544462348438,0.27336532232566335,0.4689108023672699,0.0
CELF,IC,facebook_combined_un,2,58,0.514040232730874,0.3636544462348438,0.27336983247664537,0.4689108023672699,0.0
CELF,IC,facebook_combined_un,2,59,0.5142899480069324,0.3638357508750352,0.2735211106323515,0.4690981413017531,0.0
CELF,IC,facebook_combined_un,2,60,0.5142899480069324,0.3638357508750352,0.2735239175035873,0.4690981413017531,0.0
CELF,IC,facebook_combined_un,2,61,0.5142899480069324,0.3638357508750352,0.2735256002058667,0.4690981413017531,0.0
CELF,IC,facebook_combined_un,2,62,0.5142899480069324,0.363836186732557,0.2735290642576399,0.4690981413017531,0.0
CELF,IC,facebook_combined_un,2,63,0.5142899480069324,0.363836186732557,0.27353147647463644,0.4690981413017531,0.0
CELF,IC,facebook_combined_un,2,64,0.5150707353305273,0.3643998883544806,0.2739850259314995,0.46967923250015653,0.0
CELF,IC,facebook_combined_un,2,65,0.5150707353305273,0.3643998883544806,0.2739906575205902,0.46967923250015653,0.0
CELF,IC,facebook_combined_un,2,66,0.5151658578856153,0.36446846763473906,0.27404586862943037,0.4697498200600597,0.0
CELF,IC,facebook_combined_un,2,67,0.5151658578856153,0.36446846763473906,0.27405020630989874,0.4697498200600597,0.0
CELF,IC,facebook_combined_un,2,68,0.5153607576132706,0.3646089213632517,0.274162077811299,0.46989371629751103,0.0
CELF,IC,facebook_combined_un,2,69,0.5153607576132706,0.3646089213632517,0.2741634114948966,0.46989371629751103,0.0
CELF,IC,facebook_combined_un,2,70,0.5162134439217628,0.3652264572144919,0.27462839546486145,0.4705202066538854,0.0
CELF,IC,facebook_combined_un,2,71,0.5162134439217628,0.3652264572144919,0.27463198710103776,0.4705202066538854,0.0
CELF,IC,facebook_combined_un,2,72,0.5162134439217628,0.3652264572144919,0.27463258539846674,0.4705202066538854,0.0
CELF,IC,facebook_combined_un,2,73,0.5162134439217628,0.365228698042643,0.27463573885836917,0.4705202066538854,0.0
CELF,IC,facebook_combined_un,2,74,0.5166196335726665,0.36552105311698935,0.27486101976989663,0.47081587706605715,0.0
CELF,IC,facebook_combined_un,2,75,0.5166196335726665,0.3655223080686619,0.27486701899514016,0.47081587706605715,0.0
CELF,IC,facebook_combined_un,2,76,0.5166196335726665,0.3655237644744317,0.2748670318224522,0.47081587706605715,0.0
CELF,IC,facebook_combined_un,2,77,0.516789329041842,0.36564582146091307,0.2749648288920071,0.47093834940108614,0.0
CELF,IC,facebook_combined_un,2,78,0.5168726665016093,0.36570677874143526,0.2750132517678164,0.47099838865228516,0.0
CELF,IC,facebook_combined_un,2,79,0.5170868779400841,0.3658636703830023,0.275133210717724,0.4711526004173987,0.0
CELF,IC,facebook_combined_un,2,80,0.5171264917058678,0.3658922735661793,0.27515501757204813,0.47118110627504906,0.0
CELF,IC,facebook_combined_un,2,81,0.5171264917058678,0.36589247618392706,0.27515783219293033,0.47118110627504906,0.0
CELF,IC,facebook_combined_un,2,82,0.5171264917058678,0.3659254626376077,0.27515949585358623,0.47118110627504906,0.0
CELF,IC,facebook_combined_un,2,83,0.5172422381777668,0.36617870203234026,0.27522586373925884,0.4712636491844213,0.0
CELF,IC,facebook_combined_un,2,84,0.5173590987868284,0.3662632757721952,0.27529447974923815,0.4713468108398102,0.0
CELF,IC,facebook_combined_un,2,85,0.5173590987868284,0.3662633361210038,0.2752958459270722,0.4713468108398102,0.0
CELF,IC,facebook_combined_un,2,86,0.517533102253033,0.36638949919221697,0.27540598534795,0.4714704831702343,0.0
CELF,IC,facebook_combined_un,2,87,0.5177609804407031,0.36655562173000156,0.27553496260002397,0.47163211406457256,0.0
CELF,IC,facebook_combined_un,2,88,0.5177633572666502,0.3665573480671764,0.27553726298954606,0.47163379486738366,0.0
CELF,IC,facebook_combined_un,2,89,0.5177633572666502,0.3665573480671764,0.27553977284561176,0.47163379486738366,0.0
CELF,IC,facebook_combined_un,2,90,0.5177633572666502,0.3665573480671764,0.275540639791649,0.47163379486738366,0.0
CELF,IC,facebook_combined_un,2,91,0.5178085912354543,0.3665902059945394,0.27556719148748243,0.4716655585072924,0.0
CELF,IC,facebook_combined_un,2,92,0.5178085912354543,0.3665902059945394,0.2767038942270036,0.4716655585072924,0.0
CELF,IC,facebook_combined_un,2,93,0.5178877940084179,0.3666476045114575,0.27676749083848656,0.471721108724511,0.0
CELF,IC,facebook_combined_un,2,94,0.5178877940084179,0.3666476045114575,0.2767959294262411,0.471721108724511,0.0
CELF,IC,facebook_combined_un,2,95,0.5178877940084179,0.36664760593053025,0.27681466004967015,0.471721108724511,0.0
CELF,IC,facebook_combined_un,2,96,0.5178877940084179,0.36664760593053025,0.27682098897208995,0.471721108724511,0.0
CELF,IC,facebook_combined_un,2,97,0.5178877940084179,0.36664760593053025,0.2768245168507444,0.471721108724511,0.0
CELF,IC,facebook_combined_un,2,98,0.5179029462738302,0.36668502350505733,0.2770281490885466,0.47173143570096,0.0
CELF,IC,facebook_combined_un,2,99,0.5179029462738302,0.36668502350505733,0.277029643351899,0.47173143570096,0.0
