node,comm
0,1
1,1
2,1
3,1
4,1
5,1
6,1
7,1
8,1
9,1
11,1
12,1
13,1
14,1
15,1
16,1
17,1
18,1
19,1
20,1
22,1
24,1
26,1
28,1
29,1
30,1
31,1
32,1
33,1
34,1
35,1
36,1
38,1
39,1
40,1
46,1
49,1
51,1
53,1
54,1
55,1
58,1
60,1
61,1
62,1
63,1
64,1
65,1
66,1
67,1
68,1
70,1
73,1
75,1
77,1
78,1
80,1
81,1
82,1
83,1
84,1
85,1
124,1
125,1
126,1
127,1
128,1
129,1
130,1
131,1
132,1
133,1
134,1
135,1
136,1
137,1
138,1
140,1
141,1
144,1
145,1
146,1
147,1
150,1
151,1
152,1
156,1
157,1
158,1
161,1
165,1
170,1
171,1
174,1
175,1
177,1
181,1
182,1
183,1
185,1
186,1
187,1
188,1
190,1
191,1
192,1
194,1
196,1
197,1
198,1
199,1
200,1
201,1
202,1
203,1
205,1
206,1
208,1
209,1
213,1
214,1
215,1
217,1
219,1
220,1
222,1
226,1
228,1
230,1
231,1
232,1
233,1
235,1
237,1
238,1
239,1
240,1
241,1
242,1
244,1
245,1
246,1
247,1
248,1
250,1
251,1
252,1
276,1
277,1
281,1
282,1
283,1
284,1
286,1
288,1
289,1
290,1
291,1
292,1
293,1
294,1
296,1
297,1
299,1
309,1
310,1
312,1
313,1
314,1
315,1
316,1
317,1
318,1
319,1
357,1
358,1
359,1
360,1
361,1
362,1
363,1
364,1
365,1
366,1
367,1
368,1
369,1
371,1
372,1
374,1
375,1
377,1
378,1
379,1
380,1
381,1
383,1
384,1
385,1
386,1
388,1
389,1
390,1
391,1
393,1
395,1
396,1
397,1
398,1
399,1
400,1
401,1
402,1
405,1
406,1
407,1
409,1
415,1
417,1
440,1
447,1
448,1
449,1
465,1
524,1
559,1
564,1
567,1
568,1
569,1
571,1
582,1
612,1
615,1
663,1
665,1
666,1
667,1
668,1
670,1
671,1
696,1
697,1
711,1
712,1
713,1
736,1
849,1
850,1
853,1
854,1
856,1
857,1
861,1
863,1
864,1
865,1
877,1
881,1
901,1
914,1
941,1
942,1
943,1
944,1
948,1
955,1
964,1
967,1
968,1
970,1
971,1
972,1
973,1
975,1
976,1
977,1
978,1
979,1
981,1
982,1
983,1
984,1
986,1
1000,1
1001,1
1002,1
1006,1
1009,1
1010,1
1011,1
1012,1
1013,1
1014,1
1015,1
1016,1
1018,1
1020,1
1021,1
1022,1
1023,1
1024,1
1025,1
1026,1
1027,1
1028,1
1029,1
1075,1
1098,1
1100,1
1103,1
1104,1
1105,1
1107,1
1108,1
1110,1
1111,1
1112,1
1113,1
1114,1
1121,1
1130,1
1131,1
1133,1
1134,1
1137,1
1148,1
1161,1
1180,1
1182,1
1183,1
1293,1
1380,1
1381,1
1384,1
1385,1
1387,1
1388,1
1390,1
1392,1
1394,1
1406,1
1408,1
1427,1
1429,1
1431,1
1432,1
1433,1
1434,1
1435,1
1436,1
1548,1
1587,1
1594,1
1599,1
1601,1
1608,1
1609,1
1611,1
1612,1
1613,1
1614,1
1616,1
1617,1
1618,1
1619,1
1629,1
1630,1
1631,1
1632,1
1633,1
1634,1
1635,1
1641,1
1755,1
1802,1
1803,1
1805,1
1806,1
1811,1
1834,1
1856,1
1929,1
1960,1
1961,1
1967,1
1969,1
1971,1
1973,1
1974,1
1979,1
1980,1
1998,1
2054,1
2102,1
2105,1
2111,1
2112,1
2113,1
2114,1
2116,1
2120,1
2126,1
2129,1
2136,1
2138,1
2140,1
2141,1
2144,1
2147,1
2149,1
2150,1
2151,1
2152,1
2153,1
2154,1
2175,1
2176,1
2179,1
2181,1
2182,1
2183,1
2186,1
2187,1
2192,1
2223,1
2226,1
2229,1
2230,1
2231,1
2232,1
2233,1
2234,1
2235,1
2253,1
2254,1
2255,1
2256,1
2257,1
2258,1
2259,1
2260,1
2264,1
2265,1
2268,1
2278,1
2279,1
2281,1
2284,1
2286,1
2288,1
2290,1
2291,1
2292,1
2294,1
2303,1
2318,1
2372,1
2375,1
2440,1
2450,1
2458,1
2459,1
2461,1
2462,1
2464,1
2469,1
2506,1
2507,1
2508,1
2509,1
2510,1
2511,1
2538,1
2539,1
2571,1
2572,1
2573,1
2574,1
2575,1
2592,1
2593,1
2594,1
2595,1
2596,1
2597,1
2598,1
2600,1
2601,1
2603,1
2616,1
2648,1
2650,1
2651,1
2653,1
2655,1
2656,1
2657,1
2681,1
2682,1
2738,1
2739,1
2741,1
2742,1
2744,1
2746,1
2747,1
2748,1
2749,1
2758,1
2759,1
2760,1
2761,1
2762,1
2861,1
2876,1
2914,1
2942,1
2943,1
3011,1
3012,1
3013,1
3014,1
3035,1
3168,1
3191,1
3192,1
3193,1
3264,1
3265,1
3266,1
3267,1
3268,1
3341,1
3343,1
3344,1
3345,1
3378,1
3411,1
3413,1
3414,1
3415,1
3417,1
3418,1
3450,1
3451,1
3456,1
3458,1
3476,1
3477,1
3478,1
3479,1
3480,1
3481,1
3482,1
3483,1
3484,1
3485,1
3486,1
3610,1
3611,1
3613,1
3700,1
3733,1
3734,1
3738,1
3739,1
3740,1
3756,1
3776,1
3854,1
3891,1
3894,1
3895,1
3915,1
3916,1
3928,1
3931,1
3933,1
3977,1
3978,1
3980,1
3981,1
3982,1
3983,1
3984,1
3985,1
3988,1
4000,1
4001,1
4012,1
4013,1
4014,1
4015,1
4016,1
4017,1
4270,1
4322,1
4323,1
4324,1
4386,1
4389,1
4390,1
4391,1
4392,1
4393,1
4394,1
4426,1
4618,1
4702,1
4703,1
4704,1
4808,1
4826,1
4827,1
4828,1
4837,1
4838,1
4839,1
4932,1
4933,1
4982,1
5023,1
5025,1
5026,1
5062,1
5071,1
5072,1
5073,1
5089,1
5091,1
5092,1
5147,1
5148,1
5161,1
5173,1
5223,1
5291,1
5294,1
5295,1
5364,1
5476,1
5490,1
5504,1
5505,1
5566,1
5583,1
5607,1
5608,1
5619,1
5622,1
5623,1
5624,1
5686,1
5708,1
5802,1
5901,1
5902,1
5903,1
5904,1
5910,1
5911,1
5912,1
5977,1
5978,1
5979,1
5980,1
5981,1
6170,1
6171,1
6196,1
6400,1
6440,1
6495,1
6612,1
6643,1
6668,1
6669,1
6721,1
6722,1
6723,1
6819,1
6820,1
6843,1
6856,1
6857,1
6858,1
6859,1
6861,1
6862,1
6887,1
6906,1
6969,1
6970,1
7111,1
7168,1
7242,1
7243,1
7244,1
7306,1
7307,1
7308,1
7349,1
7350,1
7351,1
7352,1
7359,1
7401,1
7475,1
7489,1
7490,1
7604,1
7633,1
7691,1
7734,1
7754,1
7772,1
7773,1
7774,1
7796,1
7835,1
7893,1
7894,1
8007,1
8099,1
8150,1
8174,1
8212,1
8221,1
8315,1
8398,1
8492,1
8493,1
8496,1
8534,1
8548,1
8565,1
8575,1
8605,1
8613,1
8637,1
159,2
167,2
403,2
404,2
411,2
446,2
450,2
459,2
474,2
475,2
476,2
477,2
478,2
479,2
480,2
481,2
482,2
483,2
484,2
485,2
489,2
492,2
493,2
494,2
495,2
496,2
497,2
500,2
502,2
503,2
504,2
505,2
506,2
507,2
509,2
510,2
512,2
513,2
514,2
662,2
726,2
1050,2
1099,2
1115,2
1194,2
1195,2
1231,2
1235,2
1316,2
1334,2
1414,2
1546,2
1585,2
1730,2
1817,2
1818,2
1824,2
1827,2
1933,2
1934,2
1935,2
1937,2
1938,2
1939,2
1941,2
1942,2
1943,2
1944,2
1946,2
1949,2
1951,2
1952,2
1953,2
1955,2
1964,2
2034,2
2075,2
2076,2
2106,2
2107,2
2109,2
2293,2
2317,2
2407,2
2408,2
2611,2
2705,2
2708,2
2710,2
2711,2
2712,2
2713,2
2714,2
2715,2
2716,2
2717,2
2718,2
2719,2
2720,2
2721,2
2723,2
2764,2
2765,2
2766,2
2767,2
2768,2
2769,2
2770,2
2771,2
2772,2
2773,2
2774,2
2775,2
2776,2
2777,2
2778,2
2779,2
2780,2
2782,2
2783,2
2784,2
2787,2
2924,2
2925,2
2926,2
2927,2
2928,2
2993,2
2995,2
2996,2
2997,2
2999,2
3000,2
3002,2
3138,2
3209,2
3210,2
3211,2
3212,2
3213,2
3214,2
3215,2
3216,2
3217,2
3218,2
3219,2
3220,2
3221,2
3222,2
3223,2
3224,2
3225,2
3226,2
3227,2
3228,2
3229,2
3346,2
3347,2
3348,2
3349,2
3351,2
3352,2
3353,2
3354,2
3355,2
3356,2
3399,2
3400,2
3401,2
3402,2
3404,2
3406,2
3407,2
3408,2
3410,2
3445,2
3463,2
3552,2
3553,2
3554,2
3555,2
3557,2
3559,2
3562,2
3565,2
3568,2
3573,2
3574,2
3638,2
3639,2
3731,2
3818,2
3821,2
3861,2
3971,2
3972,2
3973,2
3974,2
3975,2
3976,2
4073,2
4093,2
4094,2
4095,2
4096,2
4097,2
4099,2
4101,2
4155,2
4192,2
4193,2
4194,2
4195,2
4216,2
4271,2
4340,2
4341,2
4342,2
4448,2
4548,2
4549,2
4550,2
4551,2
4552,2
4553,2
4554,2
4555,2
4556,2
4557,2
4653,2
4654,2
4655,2
4656,2
4660,2
4684,2
4816,2
4817,2
4818,2
4819,2
4820,2
4821,2
4822,2
4866,2
4887,2
4888,2
4889,2
4890,2
4891,2
4892,2
4893,2
4894,2
4895,2
4896,2
4897,2
4955,2
4956,2
4957,2
4958,2
4959,2
5052,2
5053,2
5413,2
5414,2
5415,2
5416,2
5417,2
5418,2
5580,2
5581,2
5582,2
5631,2
5649,2
5653,2
5664,2
5665,2
5666,2
5667,2
5668,2
5694,2
5695,2
5697,2
5698,2
5699,2
5700,2
5701,2
5756,2
5843,2
5845,2
5846,2
5883,2
5884,2
5885,2
5886,2
5887,2
5888,2
5889,2
6111,2
6112,2
6114,2
6115,2
6130,2
6161,2
6164,2
6234,2
6273,2
6274,2
6275,2
6277,2
6330,2
6331,2
6346,2
6347,2
6348,2
6349,2
6353,2
6354,2
6355,2
6356,2
6357,2
6358,2
6359,2
6360,2
6361,2
6362,2
6386,2
6387,2
6388,2
6389,2
6390,2
6498,2
6499,2
6500,2
6542,2
6543,2
6544,2
6545,2
6557,2
6558,2
6559,2
6565,2
6571,2
6663,2
6743,2
6747,2
6748,2
6774,2
6822,2
6823,2
6824,2
6825,2
6833,2
6834,2
6874,2
6876,2
6877,2
6995,2
6996,2
7039,2
7040,2
7041,2
7042,2
7059,2
7060,2
7061,2
7062,2
7063,2
7064,2
7065,2
7161,2
7177,2
7183,2
7184,2
7185,2
7186,2
7187,2
7188,2
7189,2
7195,2
7398,2
7399,2
7400,2
7457,2
7462,2
7463,2
7464,2
7465,2
7466,2
7467,2
7468,2
7469,2
7470,2
7472,2
7473,2
7474,2
7486,2
7506,2
7511,2
7512,2
7517,2
7518,2
7562,2
7563,2
7594,2
7663,2
7664,2
7665,2
7666,2
7667,2
7685,2
7686,2
7719,2
7720,2
7721,2
7722,2
7788,2
7802,2
7808,2
7815,2
7845,2
7846,2
7847,2
7848,2
7854,2
7855,2
8036,2
8037,2
8113,2
8134,2
8135,2
8136,2
8137,2
8162,2
8209,2
8210,2
8211,2
8237,2
8238,2
8239,2
8265,2
8272,2
8273,2
8274,2
8280,2
8281,2
8319,2
8320,2
8321,2
8386,2
8435,2
8436,2
8443,2
8444,2
8445,2
8487,2
8488,2
8489,2
8490,2
8514,2
8549,2
8550,2
8582,2
8583,2
8595,2
8618,2
8620,2
8633,2
8634,2
50,3
52,3
71,3
102,3
103,3
104,3
105,3
106,3
108,3
109,3
111,3
112,3
113,3
114,3
115,3
116,3
118,3
119,3
120,3
121,3
123,3
148,3
179,3
184,3
243,3
254,3
255,3
256,3
257,3
258,3
311,3
376,3
435,3
436,3
438,3
443,3
444,3
453,3
455,3
456,3
460,3
461,3
466,3
467,3
470,3
472,3
536,3
602,3
604,3
605,3
606,3
608,3
609,3
611,3
664,3
750,3
752,3
754,3
756,3
825,3
833,3
837,3
838,3
840,3
873,3
1056,3
1057,3
1058,3
1059,3
1060,3
1061,3
1062,3
1063,3
1064,3
1065,3
1066,3
1067,3
1069,3
1241,3
1280,3
1281,3
1282,3
1283,3
1284,3
1364,3
1366,3
1373,3
1374,3
1503,3
1509,3
1511,3
1514,3
1516,3
1518,3
1519,3
1520,3
1522,3
1523,3
1524,3
1557,3
1563,3
1583,3
1584,3
1621,3
1622,3
1625,3
1626,3
1627,3
1628,3
1648,3
1736,3
1751,3
1754,3
1756,3
1767,3
1773,3
1799,3
1801,3
1877,3
1885,3
1886,3
1887,3
1888,3
1889,3
1890,3
1891,3
1892,3
1900,3
1902,3
1912,3
1914,3
1926,3
1927,3
1928,3
2022,3
2029,3
2090,3
2209,3
2210,3
2211,3
2212,3
2213,3
2215,3
2216,3
2300,3
2319,3
2321,3
2322,3
2323,3
2340,3
2341,3
2342,3
2344,3
2384,3
2385,3
2387,3
2388,3
2389,3
2391,3
2392,3
2393,3
2394,3
2414,3
2415,3
2416,3
2484,3
2540,3
2590,3
2613,3
2614,3
2615,3
2757,3
2788,3
2885,3
2886,3
2887,3
2892,3
2893,3
2895,3
2896,3
2897,3
2898,3
2899,3
2900,3
2901,3
2902,3
2963,3
2964,3
3061,3
3062,3
3063,3
3064,3
3065,3
3066,3
3069,3
3106,3
3107,3
3108,3
3109,3
3110,3
3111,3
3112,3
3113,3
3114,3
3203,3
3204,3
3205,3
3206,3
3207,3
3208,3
3270,3
3271,3
3272,3
3273,3
3274,3
3275,3
3276,3
3277,3
3278,3
3279,3
3280,3
3281,3
3282,3
3283,3
3284,3
3285,3
3286,3
3287,3
3311,3
3357,3
3380,3
3381,3
3382,3
3473,3
3630,3
3713,3
3742,3
3743,3
3744,3
3745,3
3746,3
3747,3
3748,3
3749,3
3777,3
3778,3
3779,3
3877,3
3878,3
3879,3
3880,3
3882,3
3883,3
3884,3
3885,3
3887,3
3888,3
3889,3
3910,3
3979,3
3989,3
4133,3
4134,3
4135,3
4206,3
4207,3
4208,3
4209,3
4211,3
4262,3
4263,3
4264,3
4289,3
4319,3
4320,3
4321,3
4395,3
4396,3
4397,3
4398,3
4399,3
4402,3
4421,3
4423,3
4424,3
4425,3
4456,3
4463,3
4510,3
4705,3
4840,3
4841,3
4843,3
4844,3
4911,3
4912,3
4913,3
4914,3
4915,3
4990,3
4991,3
4992,3
5004,3
5005,3
5006,3
5007,3
5027,3
5028,3
5029,3
5042,3
5044,3
5045,3
5046,3
5298,3
5299,3
5301,3
5302,3
5303,3
5371,3
5372,3
5373,3
5374,3
5375,3
5376,3
5377,3
5378,3
5387,3
5388,3
5389,3
5390,3
5391,3
5477,3
5478,3
5479,3
5528,3
5530,3
5567,3
5663,3
5872,3
5948,3
6082,3
6083,3
6200,3
6219,3
6220,3
6222,3
6223,3
6224,3
6225,3
6537,3
6538,3
6539,3
6540,3
6541,3
6615,3
6731,3
6732,3
6733,3
6734,3
6735,3
6736,3
6754,3
7084,3
7170,3
7178,3
7218,3
7219,3
7223,3
7224,3
7225,3
7479,3
7480,3
7632,3
7680,3
7681,3
7703,3
7704,3
7705,3
7775,3
7776,3
7777,3
7857,3
7971,3
7972,3
8236,3
8258,3
8391,3
8392,3
8476,3
8519,3
8520,3
8535,3
8560,3
8601,3
25,4
44,4
45,4
89,4
93,4
96,4
101,4
266,4
408,4
418,4
419,4
420,4
421,4
422,4
423,4
424,4
425,4
488,4
518,4
520,4
521,4
522,4
523,4
525,4
526,4
528,4
530,4
531,4
532,4
533,4
534,4
537,4
538,4
539,4
540,4
541,4
542,4
543,4
544,4
545,4
546,4
547,4
548,4
550,4
552,4
554,4
556,4
557,4
558,4
841,4
842,4
843,4
844,4
845,4
846,4
847,4
848,4
1031,4
1033,4
1294,4
1351,4
1352,4
1353,4
1354,4
1355,4
1356,4
1357,4
1358,4
1362,4
1377,4
1517,4
1521,4
1605,4
1653,4
1677,4
1965,4
1968,4
1970,4
1972,4
1975,4
1976,4
1977,4
1978,4
1981,4
1982,4
1983,4
1984,4
1985,4
1986,4
1987,4
1989,4
1990,4
1991,4
1992,4
1993,4
1994,4
1995,4
1997,4
2083,4
2095,4
2110,4
2367,4
2386,4
2501,4
2502,4
2503,4
2504,4
2505,4
2604,4
2605,4
2617,4
2618,4
2619,4
2620,4
2621,4
2622,4
2623,4
2624,4
2625,4
2626,4
2628,4
2629,4
2630,4
2631,4
2632,4
2633,4
2852,4
2868,4
2874,4
2884,4
2903,4
2904,4
2905,4
2906,4
2907,4
2940,4
3105,4
3255,4
3256,4
3257,4
3258,4
3259,4
3260,4
3261,4
3262,4
3289,4
3290,4
3293,4
3454,4
3455,4
3526,4
3529,4
3546,4
3550,4
3551,4
3596,4
3597,4
3598,4
3599,4
3600,4
3601,4
3602,4
3603,4
3604,4
3605,4
3606,4
3607,4
3608,4
3609,4
3803,4
3804,4
3823,4
4051,4
4052,4
4053,4
4054,4
4055,4
4057,4
4183,4
4403,4
4404,4
4405,4
4406,4
4407,4
4408,4
4409,4
4410,4
4411,4
4412,4
4413,4
4414,4
4415,4
4416,4
4417,4
4418,4
4419,4
4420,4
4620,4
4623,4
4624,4
4726,4
4776,4
4777,4
4778,4
4790,4
4791,4
4792,4
4793,4
4931,4
5008,4
5009,4
5157,4
5212,4
5213,4
5214,4
5215,4
5257,4
5328,4
5329,4
5330,4
5331,4
5332,4
5470,4
5471,4
5472,4
5473,4
5474,4
5475,4
5556,4
5557,4
5558,4
5559,4
5560,4
5587,4
5588,4
5589,4
5590,4
5671,4
5672,4
5673,4
5674,4
5675,4
5705,4
5712,4
5736,4
5737,4
5738,4
5739,4
5740,4
5913,4
5917,4
5918,4
5919,4
5920,4
5921,4
5922,4
5923,4
5924,4
5925,4
5927,4
5968,4
5969,4
5970,4
6009,4
6010,4
6011,4
6071,4
6072,4
6084,4
6085,4
6086,4
6087,4
6088,4
6191,4
6192,4
6193,4
6194,4
6195,4
6261,4
6262,4
6263,4
6327,4
6328,4
6329,4
6406,4
6407,4
6408,4
6409,4
6506,4
6652,4
6678,4
6694,4
6695,4
6709,4
6710,4
6711,4
6812,4
6891,4
6892,4
6950,4
6951,4
6952,4
6953,4
6967,4
6971,4
7003,4
7004,4
7005,4
7006,4
7007,4
7008,4
7009,4
7010,4
7011,4
7012,4
7013,4
7014,4
7015,4
7050,4
7052,4
7072,4
7204,4
7520,4
7521,4
7589,4
7593,4
7647,4
7648,4
7687,4
7688,4
7689,4
7690,4
7706,4
7707,4
7797,4
7842,4
7911,4
7912,4
7913,4
7914,4
7936,4
7937,4
7938,4
7939,4
7993,4
7994,4
7995,4
8048,4
8066,4
8067,4
8072,4
8111,4
8112,4
8125,4
8130,4
8131,4
8145,4
8146,4
8153,4
8154,4
8155,4
8199,4
8200,4
8201,4
8204,4
8205,4
8317,4
8329,4
8370,4
8371,4
8483,4
8484,4
8556,4
8559,4
8561,4
8579,4
8580,4
8581,4
8587,4
8588,4
8589,4
8598,4
8604,4
8610,4
59,5
160,5
162,5
163,5
173,5
180,5
295,5
414,5
426,5
427,5
429,5
432,5
433,5
434,5
442,5
468,5
613,5
614,5
617,5
618,5
620,5
621,5
622,5
623,5
624,5
627,5
631,5
635,5
638,5
659,5
699,5
715,5
759,5
817,5
860,5
880,5
946,5
947,5
950,5
951,5
952,5
953,5
954,5
956,5
957,5
958,5
960,5
962,5
963,5
996,5
1091,5
1129,5
1181,5
1184,5
1185,5
1190,5
1191,5
1192,5
1193,5
1198,5
1200,5
1201,5
1202,5
1204,5
1205,5
1208,5
1209,5
1210,5
1212,5
1254,5
1271,5
1275,5
1277,5
1291,5
1382,5
1405,5
1420,5
1507,5
1559,5
1570,5
1571,5
1572,5
1573,5
1574,5
1575,5
1576,5
1578,5
1579,5
1580,5
1581,5
1582,5
1586,5
1588,5
1589,5
1590,5
1591,5
1592,5
1593,5
1595,5
1596,5
1597,5
1598,5
1600,5
1636,5
1637,5
1638,5
1639,5
1643,5
1644,5
1684,5
1685,5
1686,5
1687,5
1688,5
1689,5
1690,5
1691,5
1692,5
1693,5
1694,5
1695,5
1696,5
1758,5
1804,5
1819,5
1826,5
1842,5
1863,5
1868,5
1870,5
1874,5
1875,5
1880,5
1966,5
1988,5
2044,5
2045,5
2047,5
2048,5
2049,5
2050,5
2051,5
2052,5
2055,5
2056,5
2125,5
2127,5
2128,5
2130,5
2131,5
2134,5
2137,5
2142,5
2143,5
2145,5
2146,5
2162,5
2163,5
2164,5
2236,5
2237,5
2239,5
2240,5
2241,5
2242,5
2243,5
2246,5
2247,5
2248,5
2249,5
2250,5
2269,5
2270,5
2271,5
2272,5
2274,5
2276,5
2320,5
2373,5
2374,5
2492,5
2612,5
2689,5
2729,5
2859,5
2860,5
2930,5
2931,5
2933,5
2934,5
2936,5
2958,5
2961,5
2985,5
2986,5
3073,5
3075,5
3076,5
3103,5
3171,5
3172,5
3188,5
3189,5
3190,5
3197,5
3198,5
3199,5
3200,5
3201,5
3332,5
3333,5
3334,5
3412,5
3420,5
3421,5
3422,5
3423,5
3424,5
3425,5
3426,5
3457,5
3462,5
3464,5
3487,5
3488,5
3489,5
3591,5
3592,5
3815,5
3822,5
3863,5
3864,5
3865,5
3866,5
3867,5
3869,5
3870,5
3871,5
3872,5
3873,5
3875,5
3886,5
3991,5
3992,5
3993,5
3994,5
3995,5
4115,5
4120,5
4121,5
4122,5
4123,5
4253,5
4256,5
4288,5
4454,5
4455,5
4717,5
4718,5
4719,5
4720,5
4721,5
4722,5
4723,5
4743,5
4753,5
4779,5
4780,5
4954,5
5050,5
5051,5
5081,5
5174,5
5175,5
5186,5
5187,5
5188,5
5189,5
5190,5
5191,5
5192,5
5208,5
5209,5
5346,5
5347,5
5349,5
5419,5
5436,5
5437,5
5438,5
5654,5
6036,5
6342,5
6343,5
6344,5
6345,5
6363,5
6364,5
6365,5
6366,5
6629,5
6642,5
6655,5
6656,5
6657,5
6679,5
6680,5
6681,5
6682,5
6683,5
6684,5
6685,5
6696,5
6783,5
6784,5
6789,5
6790,5
6791,5
6792,5
6813,5
6814,5
6815,5
6998,5
6999,5
7000,5
7001,5
7002,5
7053,5
7054,5
7055,5
7056,5
7121,5
7154,5
7155,5
7259,5
7313,5
7386,5
7387,5
7388,5
7628,5
7629,5
7656,5
7836,5
7837,5
7841,5
7867,5
8001,5
8002,5
8003,5
8004,5
8005,5
8008,5
8156,5
8157,5
8316,5
8334,5
8335,5
8393,5
8510,5
8521,5
8522,5
8523,5
8524,5
8584,5
8600,5
107,6
195,6
216,6
234,6
287,6
387,6
560,6
561,6
563,6
565,6
566,6
570,6
572,6
573,6
574,6
575,6
576,6
577,6
578,6
579,6
580,6
818,6
820,6
821,6
822,6
823,6
824,6
826,6
830,6
909,6
910,6
961,6
985,6
1116,6
1117,6
1119,6
1122,6
1123,6
1124,6
1125,6
1127,6
1138,6
1188,6
1276,6
1286,6
1287,6
1288,6
1289,6
1290,6
1295,6
1296,6
1298,6
1300,6
1302,6
1304,6
1306,6
1307,6
1309,6
1311,6
1313,6
1324,6
1337,6
1342,6
1348,6
1359,6
1386,6
1441,6
1471,6
1710,6
1713,6
1864,6
1906,6
2074,6
2078,6
2079,6
2080,6
2081,6
2108,6
2115,6
2189,6
2191,6
2193,6
2194,6
2204,6
2207,6
2221,6
2222,6
2252,6
2262,6
2280,6
2285,6
2287,6
2441,6
2442,6
2444,6
2494,6
2576,6
2602,6
2652,6
2658,6
2731,6
2911,6
2937,6
3071,6
3074,6
3194,6
3195,6
3196,6
3403,6
3409,6
3419,6
3435,6
3453,6
3459,6
3461,6
3570,6
3586,6
3587,6
3588,6
3765,6
3844,6
3934,6
4022,6
4023,6
4045,6
4046,6
4050,6
4106,6
4167,6
4168,6
4170,6
4171,6
4181,6
4182,6
4184,6
4186,6
4187,6
4188,6
4189,6
4190,6
4191,6
4212,6
4254,6
4258,6
4259,6
4260,6
4261,6
4283,6
4308,6
4352,6
4353,6
4354,6
4355,6
4356,6
4525,6
4526,6
4527,6
4621,6
4727,6
4728,6
4784,6
4785,6
4786,6
4787,6
4788,6
4789,6
4796,6
4797,6
4798,6
4806,6
4807,6
4809,6
4810,6
4811,6
4813,6
4814,6
4967,6
5064,6
5066,6
5284,6
5286,6
5297,6
5494,6
5495,6
5496,6
5497,6
5498,6
5499,6
5500,6
5501,6
5502,6
5503,6
5519,6
5520,6
5521,6
5522,6
5523,6
5524,6
5525,6
5526,6
5527,6
5548,6
5584,6
5586,6
5655,6
5656,6
5658,6
5660,6
5661,6
5662,6
5900,6
5905,6
5926,6
6014,6
6015,6
6016,6
6017,6
6093,6
6094,6
6101,6
6167,6
6168,6
6169,6
6314,6
6315,6
6316,6
6453,6
6454,6
6455,6
6456,6
6572,6
6590,6
6591,6
6592,6
6593,6
6594,6
6595,6
6596,6
6597,6
6598,6
6599,6
6600,6
6601,6
6609,6
6611,6
6639,6
6640,6
6667,6
6676,6
6677,6
6724,6
6725,6
6757,6
6836,6
7020,6
7021,6
7162,6
7169,6
7235,6
7236,6
7237,6
7238,6
7239,6
7241,6
7334,6
7335,6
7336,6
7337,6
7338,6
7342,6
7343,6
7344,6
7345,6
7346,6
7478,6
7481,6
7482,6
7483,6
7498,6
7499,6
7534,6
7535,6
7536,6
7537,6
7538,6
7539,6
7540,6
7550,6
7551,6
7585,6
7590,6
7591,6
7649,6
7650,6
7651,6
7679,6
7742,6
7743,6
7744,6
7753,6
7766,6
7767,6
7816,6
7834,6
7868,6
7870,6
7871,6
7873,6
7953,6
7954,6
7955,6
7963,6
7964,6
7965,6
7966,6
7967,6
7980,6
7981,6
8100,6
8101,6
8126,6
8127,6
8151,6
8192,6
8206,6
8207,6
8266,6
8318,6
8354,6
8359,6
8394,6
8395,6
8396,6
8397,6
8419,6
8429,6
8433,6
8434,6
8477,6
8505,6
8506,6
8526,6
8527,6
8539,6
8540,6
8541,6
8562,6
8563,6
8564,6
8567,6
8568,6
8617,6
8635,6
8636,6
21,7
211,7
212,7
322,7
356,7
721,7
725,7
728,7
729,7
732,7
733,7
735,7
1017,7
1019,7
1106,7
1120,7
1136,7
1383,7
1389,7
1391,7
1426,7
1655,7
1898,7
1909,7
1930,7
2069,7
2195,7
2196,7
2197,7
2205,7
2208,7
2218,7
2220,7
2282,7
2445,7
2453,7
2463,7
2515,7
2516,7
2517,7
2518,7
2519,7
2520,7
2521,7
2531,7
2802,7
2826,7
2836,7
2837,7
2838,7
2839,7
2840,7
2841,7
2842,7
2843,7
2844,7
2845,7
2855,7
2938,7
3143,7
3144,7
3145,7
3146,7
3302,7
3442,7
3443,7
3935,7
3936,7
3965,7
3966,7
4039,7
4040,7
4041,7
4042,7
4043,7
4044,7
4108,7
4124,7
4125,7
4126,7
4127,7
4128,7
4129,7
4131,7
4144,7
4145,7
4146,7
4147,7
4148,7
4149,7
4150,7
4151,7
4154,7
4156,7
4157,7
4158,7
4159,7
4160,7
4161,7
4162,7
4163,7
4164,7
4166,7
4272,7
4273,7
4274,7
4275,7
4276,7
4277,7
4278,7
4279,7
4280,7
4281,7
4282,7
4284,7
4285,7
4286,7
4287,7
4325,7
4327,7
4329,7
4330,7
4333,7
4334,7
4335,7
4336,7
4428,7
4429,7
4430,7
4431,7
4432,7
4457,7
4458,7
4459,7
4794,7
4795,7
5063,7
5323,7
5324,7
5325,7
5363,7
5365,7
5395,7
5453,7
5455,7
5456,7
5457,7
5458,7
5459,7
5460,7
5461,7
5462,7
5463,7
5464,7
5465,7
5466,7
5509,7
5510,7
5511,7
5512,7
5570,7
5571,7
5572,7
5597,7
5598,7
5599,7
5741,7
5742,7
5743,7
5873,7
5874,7
5875,7
5876,7
5877,7
5878,7
5879,7
5880,7
5881,7
5882,7
6350,7
6351,7
6501,7
6502,7
6503,7
6504,7
6507,7
6508,7
6509,7
6510,7
6511,7
6512,7
6576,7
6581,7
6582,7
6583,7
6584,7
6604,7
6605,7
6606,7
6607,7
6608,7
6658,7
6659,7
6837,7
6863,7
6864,7
6865,7
6866,7
6867,7
6868,7
6869,7
6870,7
6879,7
6880,7
6881,7
6882,7
6883,7
6928,7
6929,7
6930,7
6931,7
6932,7
6968,7
7123,7
7124,7
7125,7
7211,7
7212,7
7213,7
7214,7
7369,7
7370,7
7371,7
7496,7
7497,7
7541,7
7658,7
7659,7
7672,7
7682,7
7683,7
7723,7
7724,7
7725,7
7901,7
7902,7
7930,7
8015,7
8016,7
8017,7
8018,7
8030,7
8031,7
8032,7
8033,7
8034,7
8035,7
8043,7
8044,7
8045,7
8046,7
8047,7
8049,7
8050,7
8051,7
8052,7
8053,7
8054,7
8096,7
8097,7
8098,7
8183,7
8184,7
8185,7
8188,7
8189,7
8196,7
8197,7
8198,7
8267,7
8268,7
8269,7
8270,7
8271,7
8286,7
8287,7
8288,7
8297,7
8322,7
8323,7
8324,7
8325,7
8326,7
8372,7
8373,7
8374,7
8381,7
8478,7
8479,7
8480,7
8485,7
8508,7
8511,7
8512,7
8513,7
8515,7
8516,7
8538,7
8551,7
8553,7
8554,7
8624,7
428,8
1092,8
1096,8
1097,8
1101,8
1222,8
1223,8
1297,8
1310,8
1499,8
1642,8
1778,8
1787,8
1861,8
1862,8
1872,8
1873,8
1881,8
2046,8
2364,8
2627,8
2709,8
2944,8
2982,8
2990,8
2998,8
3001,8
3047,8
3048,8
3049,8
3050,8
3051,8
3052,8
3053,8
3054,8
3055,8
3056,8
3057,8
3058,8
3059,8
3060,8
3077,8
3078,8
3079,8
3081,8
3082,8
3148,8
3263,8
3449,8
3490,8
3491,8
3492,8
3493,8
3494,8
3495,8
3496,8
3497,8
3498,8
3499,8
3500,8
3501,8
3502,8
3503,8
3504,8
3505,8
3506,8
3507,8
3508,8
3509,8
3510,8
3511,8
3512,8
3513,8
3514,8
3515,8
3516,8
3517,8
3518,8
3519,8
3520,8
3521,8
3522,8
3523,8
3524,8
3525,8
3527,8
3528,8
3530,8
3531,8
3532,8
3534,8
3537,8
3539,8
3558,8
3575,8
3576,8
3577,8
3578,8
3579,8
3580,8
3581,8
3583,8
3584,8
3726,8
3727,8
3728,8
3729,8
3730,8
3763,8
3764,8
3769,8
3770,8
3771,8
3772,8
3773,8
3774,8
3775,8
3805,8
3806,8
3807,8
3808,8
3809,8
3810,8
3826,8
3868,8
4069,8
4070,8
4071,8
4072,8
4074,8
4075,8
4076,8
4077,8
4078,8
4079,8
4080,8
4081,8
4082,8
4083,8
4210,8
4213,8
4214,8
4215,8
4217,8
4218,8
4219,8
4220,8
4221,8
4222,8
4223,8
4224,8
4225,8
4269,8
4357,8
4358,8
4362,8
4363,8
4364,8
4657,8
4710,8
4730,8
4884,8
4885,8
5116,8
5117,8
5118,8
5119,8
5120,8
5121,8
5122,8
5123,8
5124,8
5125,8
5396,8
5397,8
5398,8
5420,8
5421,8
5422,8
5423,8
5424,8
5425,8
5426,8
5427,8
5428,8
5484,8
5485,8
5486,8
5487,8
5488,8
5489,8
5531,8
5532,8
5533,8
5534,8
5535,8
5536,8
5537,8
5538,8
5539,8
5540,8
5541,8
5542,8
5543,8
5603,8
5604,8
5605,8
5606,8
5625,8
5626,8
5628,8
5629,8
5856,8
5857,8
5955,8
6118,8
6446,8
6483,8
6517,8
6518,8
6519,8
6520,8
6567,8
6568,8
6569,8
6570,8
6573,8
6666,8
6670,8
6671,8
6672,8
6673,8
6674,8
6675,8
6755,8
6756,8
6810,8
6811,8
6907,8
6908,8
6909,8
6910,8
6911,8
6912,8
6913,8
6914,8
6915,8
6916,8
6917,8
6997,8
7071,8
7150,8
7207,8
7209,8
7210,8
7247,8
7268,8
7322,8
7323,8
7324,8
7325,8
7353,8
7485,8
7509,8
7510,8
7530,8
7531,8
7532,8
7545,8
7661,8
7662,8
7730,8
7731,8
7732,8
7886,8
8077,8
8078,8
8079,8
8080,8
8081,8
8102,8
8103,8
8104,8
8105,8
8202,8
8203,8
8208,8
8219,8
8220,8
8289,8
8343,8
8377,8
8378,8
8428,8
110,9
117,9
154,9
164,9
166,9
168,9
169,9
172,9
176,9
189,9
204,9
207,9
221,9
373,9
487,9
616,9
619,9
815,9
819,9
828,9
855,9
859,9
987,9
988,9
989,9
990,9
991,9
992,9
993,9
994,9
995,9
997,9
999,9
1089,9
1095,9
1219,9
1225,9
1226,9
1257,9
1258,9
1260,9
1261,9
1263,9
1264,9
1265,9
1329,9
1484,9
1486,9
1487,9
1488,9
1489,9
1490,9
1491,9
1492,9
1494,9
1495,9
1496,9
1497,9
1666,9
1667,9
1668,9
1669,9
1670,9
1671,9
1672,9
1673,9
1674,9
1675,9
1676,9
1845,9
1893,9
1894,9
1895,9
1896,9
1897,9
1999,9
2000,9
2001,9
2002,9
2008,9
2023,9
2224,9
2225,9
2227,9
2228,9
2343,9
2417,9
2473,9
2474,9
2475,9
2476,9
2477,9
2478,9
2489,9
2522,9
2523,9
2524,9
2525,9
2527,9
2529,9
2530,9
2599,9
2610,9
2894,9
2956,9
2957,9
2969,9
2987,9
2991,9
2992,9
3067,9
3104,9
3288,9
3314,9
3315,9
3316,9
3317,9
3318,9
3540,9
3569,9
3582,9
3593,9
3678,9
3679,9
3680,9
3681,9
3682,9
3683,9
3684,9
3685,9
3686,9
3687,9
3688,9
3689,9
3690,9
3691,9
3692,9
3693,9
3694,9
3695,9
3696,9
3697,9
3698,9
3760,9
3896,9
3897,9
3899,9
4002,9
4091,9
4132,9
4196,9
4197,9
4198,9
4199,9
4265,9
4266,9
4370,9
4371,9
4372,9
4433,9
4464,9
4537,9
4538,9
4539,9
4540,9
4541,9
4543,9
4544,9
4673,9
4674,9
4690,9
4691,9
4695,9
4696,9
4697,9
4698,9
4699,9
4700,9
4701,9
4711,9
4751,9
4835,9
4842,9
4878,9
4879,9
4880,9
4881,9
4882,9
4883,9
5010,9
5011,9
5012,9
5013,9
5014,9
5019,9
5020,9
5021,9
5176,9
5177,9
5178,9
5179,9
5193,9
5285,9
5292,9
5293,9
5300,9
5304,9
5369,9
5382,9
5383,9
5544,9
5545,9
5546,9
5547,9
5552,9
5553,9
5554,9
5555,9
5609,9
5610,9
5612,9
5614,9
5704,9
5808,9
5809,9
5810,9
5812,9
5984,9
5985,9
5986,9
5987,9
5988,9
6066,9
6067,9
6106,9
6144,9
6145,9
6209,9
6252,9
6253,9
6254,9
6255,9
6256,9
6257,9
6288,9
6289,9
6401,9
6402,9
6449,9
6513,9
6514,9
6566,9
6647,9
6648,9
6665,9
6761,9
6762,9
6816,9
6817,9
6818,9
6884,9
6885,9
6886,9
6958,9
6959,9
6960,9
6963,9
7057,9
7196,9
7197,9
7198,9
7246,9
7421,9
7422,9
7504,9
7505,9
7708,9
7881,9
7882,9
7883,9
7957,9
8214,9
8215,9
8216,9
8217,9
8418,9
8509,9
8555,9
8612,9
8622,9
139,10
278,10
298,10
300,10
302,10
303,10
304,10
305,10
306,10
307,10
308,10
454,10
669,10
753,10
774,10
851,10
852,10
858,10
1030,10
1034,10
1035,10
1036,10
1037,10
1038,10
1039,10
1040,10
1041,10
1042,10
1043,10
1044,10
1045,10
1046,10
1047,10
1048,10
1049,10
1051,10
1052,10
1053,10
1054,10
1055,10
1197,10
1232,10
1236,10
1399,10
1437,10
1438,10
1439,10
1440,10
1442,10
1602,10
1603,10
1604,10
1606,10
1607,10
1800,10
1883,10
1910,10
1913,10
1916,10
1917,10
1918,10
1919,10
1921,10
1922,10
1925,10
1947,10
2096,10
2097,10
2098,10
2099,10
2100,10
2101,10
2103,10
2104,10
2485,10
2486,10
2577,10
2578,10
2579,10
2580,10
2581,10
2582,10
2583,10
2584,10
2585,10
2649,10
2654,10
2949,10
2950,10
2951,10
2952,10
2953,10
2954,10
2994,10
3117,10
3118,10
3121,10
3128,10
3245,10
3246,10
3247,10
3248,10
3249,10
3250,10
3251,10
3252,10
3253,10
3254,10
3303,10
3405,10
3460,10
3567,10
3736,10
3737,10
3753,10
3757,10
3758,10
3759,10
3761,10
3762,10
3767,10
3768,10
3820,10
3893,10
4092,10
4202,10
4239,10
4240,10
4241,10
4242,10
4243,10
4244,10
4245,10
4246,10
4247,10
4248,10
4249,10
4250,10
4251,10
4368,10
4369,10
4445,10
4513,10
4514,10
4515,10
4516,10
4517,10
4518,10
4519,10
4559,10
4560,10
4561,10
4562,10
4563,10
4589,10
4590,10
4591,10
4592,10
4744,10
4745,10
4746,10
4747,10
4748,10
4750,10
4909,10
4910,10
4978,10
4979,10
4980,10
4981,10
5138,10
5139,10
5140,10
5141,10
5296,10
5429,10
5430,10
5431,10
5432,10
5433,10
5434,10
5435,10
5480,10
5481,10
5482,10
5483,10
5513,10
5514,10
5515,10
5516,10
5517,10
5518,10
5549,10
5550,10
5574,10
5575,10
5576,10
5577,10
5578,10
5579,10
5780,10
5781,10
5782,10
5783,10
5784,10
5785,10
5805,10
5833,10
5834,10
5835,10
5836,10
5837,10
5838,10
5839,10
5840,10
5841,10
5842,10
5844,10
5848,10
5849,10
6047,10
6049,10
6050,10
6051,10
6096,10
6097,10
6098,10
6099,10
6100,10
6102,10
6109,10
6110,10
6125,10
6142,10
6143,10
6285,10
6332,10
6413,10
6705,10
6796,10
6873,10
6875,10
6878,10
6961,10
6972,10
6973,10
6974,10
6975,10
7096,10
7097,10
7126,10
7127,10
7220,10
7221,10
7222,10
7245,10
7495,10
7513,10
7514,10
7515,10
7516,10
7637,10
7638,10
7660,10
7781,10
7782,10
7832,10
7833,10
7844,10
7956,10
7958,10
8469,10
8486,10
8507,10
8530,10
8623,10
88,11
143,11
229,11
259,11
262,11
263,11
264,11
265,11
267,11
268,11
269,11
270,11
271,11
272,11
511,11
515,11
535,11
610,11
647,11
767,11
791,11
793,11
806,11
808,11
829,11
1093,11
1312,11
1323,11
1325,11
1349,11
1623,11
1624,11
1878,11
1924,11
2188,11
2267,11
2358,11
2452,11
2490,11
2491,11
2493,11
2636,11
2666,11
2669,11
2722,11
2888,11
2984,11
3045,11
3116,11
3119,11
3120,11
3122,11
3123,11
3124,11
3126,11
3127,11
3230,11
3231,11
3233,11
3234,11
3235,11
3236,11
3237,11
3238,11
3239,11
3241,11
3242,11
3243,11
3244,11
3312,11
3656,11
3660,11
3661,11
3663,11
3664,11
3665,11
3666,11
3667,11
3741,11
3827,11
3828,11
3829,11
3898,11
3929,11
3938,11
3939,11
3940,11
3941,11
3942,11
3943,11
4067,11
4068,11
4153,11
4172,11
4173,11
4174,11
4175,11
4176,11
4177,11
4178,11
4179,11
4180,11
4427,11
4593,11
4594,11
4595,11
4597,11
4598,11
4599,11
4638,11
4682,11
4712,11
4749,11
4762,11
4763,11
4764,11
4765,11
4766,11
4767,11
4768,11
4769,11
4770,11
4771,11
4772,11
4773,11
4774,11
4775,11
4812,11
4870,11
4871,11
4872,11
4873,11
4874,11
4875,11
4876,11
4877,11
4947,11
4948,11
5339,11
5394,11
5403,11
5404,11
5405,11
5406,11
5407,11
5408,11
5409,11
5410,11
5411,11
5412,11
5647,11
5648,11
5718,11
5764,11
5765,11
5768,11
5831,11
5928,11
5929,11
5931,11
5932,11
5933,11
5934,11
5935,11
5936,11
5938,11
6030,11
6032,11
6034,11
6048,11
6282,11
6283,11
6286,11
6290,11
6323,11
6324,11
6325,11
6377,11
6378,11
6379,11
6380,11
6381,11
6610,11
6613,11
6633,11
6759,11
6760,11
6835,11
6924,11
6927,11
6983,11
6985,11
6986,11
6987,11
6988,11
6990,11
7038,11
7103,11
7205,11
7230,11
7231,11
7232,11
7233,11
7234,11
7332,11
7333,11
7376,11
7377,11
7423,11
7424,11
7425,11
7426,11
7502,11
7549,11
7553,11
7554,11
7581,11
7582,11
7596,11
7597,11
7598,11
7657,11
7790,11
7793,11
7794,11
7795,11
7821,11
7899,11
7900,11
7903,11
7907,11
7908,11
7909,11
7910,11
7916,11
7917,11
7918,11
7919,11
7920,11
7921,11
7931,11
7932,11
7933,11
7934,11
7935,11
7945,11
7946,11
7947,11
7948,11
7949,11
7950,11
7951,11
7952,11
7968,11
7970,11
7973,11
7974,11
7975,11
7976,11
7977,11
7978,11
7979,11
8071,11
8090,11
8091,11
8092,11
8093,11
8158,11
8159,11
8160,11
8341,11
8342,11
8518,11
249,12
337,12
348,12
351,12
370,12
394,12
410,12
416,12
431,12
491,12
549,12
551,12
553,12
555,12
581,12
583,12
584,12
585,12
588,12
590,12
592,12
593,12
594,12
595,12
596,12
597,12
598,12
601,12
678,12
959,12
966,12
969,12
1070,12
1090,12
1094,12
1196,12
1207,12
1255,12
1279,12
1299,12
1301,12
1320,12
1328,12
1370,12
1393,12
1395,12
1396,12
1397,12
1398,12
1400,12
1401,12
1402,12
1403,12
1404,12
1407,12
1409,12
1410,12
1411,12
1412,12
1413,12
1415,12
1416,12
1418,12
1419,12
1421,12
1422,12
1424,12
1425,12
1553,12
1554,12
1610,12
1728,12
1779,12
1791,12
1793,12
1865,12
1879,12
1931,12
2053,12
2077,12
2118,12
2119,12
2121,12
2123,12
2148,12
2198,12
2200,12
2201,12
2202,12
2203,12
2238,12
2251,12
2439,12
2443,12
2446,12
2448,12
2449,12
2457,12
2481,12
2500,12
2526,12
2559,12
2569,12
2570,12
2684,12
2686,12
2687,12
2688,12
2743,12
2751,12
2752,12
2753,12
2754,12
2755,12
2756,12
2763,12
2781,12
2785,12
2786,12
2862,12
2863,12
2864,12
2865,12
2871,12
2872,12
2873,12
3080,12
3083,12
3084,12
3085,12
3086,12
3087,12
3088,12
3089,12
3090,12
3091,12
3092,12
3147,12
3149,12
3150,12
3151,12
3152,12
3153,12
3154,12
3155,12
3156,12
3157,12
3173,12
3174,12
3176,12
3180,12
3181,12
3182,12
3183,12
3184,12
3185,12
3186,12
3187,12
3416,12
3444,12
3448,12
3628,12
3750,12
3751,12
3752,12
3811,12
3874,12
3917,12
4143,12
4165,12
4290,12
4291,12
4292,12
4293,12
4294,12
4295,12
4296,12
4297,12
4298,12
4299,12
4300,12
4301,12
4326,12
4337,12
4338,12
4339,12
4442,12
4444,12
4466,12
4520,12
4622,12
4713,12
4714,12
4715,12
4716,12
4829,12
4845,12
4846,12
4847,12
4848,12
5366,12
5367,12
5368,12
5370,12
5630,12
5639,12
5719,12
5720,12
5734,12
5735,12
5811,12
5954,12
6041,12
6042,12
6043,12
6044,12
6045,12
6046,12
6052,12
6054,12
6202,12
6210,12
6211,12
6212,12
6213,12
6214,12
6215,12
6216,12
6411,12
6412,12
6546,12
7163,12
7164,12
7165,12
7166,12
7167,12
7208,12
7287,12
7288,12
7289,12
7290,12
7291,12
7292,12
7298,12
7299,12
7300,12
7595,12
7693,12
7694,12
7695,12
7696,12
7697,12
7712,12
8055,12
8229,12
8542,12
8619,12
10,13
149,13
451,13
682,13
770,13
921,13
923,13
974,13
1003,13
1004,13
1005,13
1007,13
1008,13
1273,13
1417,13
1443,13
1447,13
1449,13
1452,13
1455,13
1456,13
1459,13
1460,13
1462,13
1463,13
1464,13
1465,13
1467,13
1469,13
1470,13
1535,13
1665,13
1697,13
1698,13
1699,13
1700,13
1701,13
1702,13
1703,13
1704,13
1705,13
1706,13
1707,13
1708,13
1709,13
1711,13
1714,13
1715,13
1716,13
1717,13
1718,13
1719,13
1720,13
1721,13
1722,13
1723,13
1724,13
1725,13
1726,13
1727,13
1731,13
1732,13
1735,13
1737,13
1738,13
1741,13
1743,13
1747,13
1748,13
1749,13
1794,13
1795,13
1796,13
1797,13
1798,13
1841,13
1844,13
2032,13
2033,13
2035,13
2158,13
2159,13
2160,13
2161,13
2166,13
2167,13
2168,13
2169,13
2170,13
2171,13
2172,13
2173,13
2277,13
2376,13
2378,13
2379,13
2380,13
2381,13
2382,13
2383,13
2465,13
2568,13
2690,13
2691,13
2693,13
2733,13
2734,13
2735,13
2736,13
2737,13
2807,13
2808,13
2809,13
2810,13
2811,13
2812,13
2813,13
2815,13
2853,13
2877,13
2878,13
2879,13
2880,13
2881,13
2882,13
2883,13
2908,13
2909,13
2910,13
2912,13
2916,13
2918,13
2919,13
3556,13
3631,13
3670,13
3676,13
3711,13
3798,13
3830,13
3831,13
4058,13
4059,13
4060,13
4169,13
4752,13
4754,13
4755,13
4756,13
4757,13
4758,13
4759,13
4760,13
4761,13
4823,13
4898,13
4899,13
4900,13
4901,13
4902,13
4903,13
5068,13
5069,13
5070,13
5094,13
5095,13
5096,13
5097,13
5098,13
5099,13
5101,13
5126,13
5162,13
5163,13
5164,13
5165,13
5166,13
5203,13
5210,13
5263,13
5264,13
5265,13
5266,13
5267,13
5268,13
5269,13
5270,13
5271,13
5272,13
5273,13
5274,13
5275,13
5279,13
5281,13
5786,13
5956,13
6068,13
6069,13
6070,13
6226,13
6227,13
6228,13
6229,13
6230,13
6231,13
6258,13
6259,13
6260,13
6391,13
6392,13
6393,13
6394,13
6395,13
6399,13
6432,13
6793,13
6829,13
6830,13
6854,13
6895,13
6905,13
7156,13
7157,13
7158,13
7159,13
7160,13
7226,13
7227,13
7309,13
7310,13
7311,13
7319,13
7378,13
7379,13
7380,13
7381,13
7404,13
7405,13
7406,13
7557,13
7726,13
7727,13
7798,13
7838,13
7839,13
7856,13
8110,13
8163,13
8495,13
8497,13
8532,13
8616,13
37,14
74,14
79,14
86,14
90,14
91,14
92,14
94,14
95,14
99,14
100,14
261,14
469,14
508,14
603,14
607,14
636,14
674,14
760,14
762,14
763,14
764,14
765,14
768,14
769,14
771,14
772,14
775,14
776,14
778,14
779,14
780,14
781,14
782,14
783,14
784,14
785,14
786,14
787,14
789,14
790,14
792,14
796,14
797,14
798,14
799,14
800,14
801,14
802,14
803,14
809,14
810,14
811,14
812,14
813,14
814,14
930,14
945,14
1077,14
1082,14
1083,14
1085,14
1087,14
1088,14
1278,14
1468,14
1512,14
1513,14
1650,14
1651,14
1652,14
1857,14
2059,14
2165,14
2295,14
2296,14
2297,14
2298,14
2299,14
2301,14
2455,14
2634,14
2635,14
2638,14
2639,14
2640,14
2642,14
2643,14
2644,14
2697,14
2698,14
2699,14
2700,14
2701,14
2702,14
2703,14
2704,14
2706,14
2935,14
2939,14
3202,14
3379,14
3640,14
3642,14
3643,14
3644,14
3645,14
3646,14
3647,14
3648,14
3649,14
3650,14
3651,14
3652,14
3653,14
3654,14
3655,14
3657,14
3659,14
3799,14
3800,14
3801,14
3802,14
3956,14
3959,14
4021,14
4024,14
4025,14
4026,14
4027,14
4028,14
4029,14
4030,14
4031,14
4084,14
4085,14
4088,14
4089,14
4204,14
4647,14
4648,14
4649,14
4650,14
4651,14
4652,14
4724,14
4725,14
4781,14
4782,14
4783,14
5100,14
5204,14
5205,14
5206,14
5207,14
5282,14
5283,14
5319,14
5320,14
5321,14
5322,14
5506,14
5507,14
5508,14
5562,14
5563,14
5564,14
5565,14
5593,14
5594,14
5642,14
5676,14
5745,14
5746,14
5747,14
5748,14
5749,14
5750,14
5813,14
5937,14
5998,14
5999,14
6007,14
6008,14
6089,14
6437,14
6522,14
6523,14
6524,14
6588,14
6589,14
6634,14
6649,14
6650,14
6651,14
6745,14
6746,14
6750,14
6832,14
6925,14
6984,14
7133,14
7134,14
7135,14
7190,14
7191,14
7192,14
7193,14
7194,14
7240,14
7260,14
7261,14
7262,14
7263,14
7283,14
7284,14
7285,14
7286,14
7372,14
7373,14
7407,14
7546,14
7547,14
7548,14
7583,14
7584,14
7791,14
7922,14
7923,14
7924,14
7925,14
7926,14
7927,14
7969,14
8142,14
8152,14
8168,14
8169,14
8170,14
8296,14
8347,14
8348,14
8349,14
8350,14
8351,14
8352,14
8353,14
8431,14
8537,14
8611,14
42,15
69,15
72,15
76,15
87,15
97,15
98,15
223,15
253,15
392,15
413,15
458,15
527,15
529,15
586,15
587,15
589,15
591,15
600,15
710,15
727,15
862,15
871,15
949,15
980,15
1262,15
1274,15
1285,15
1332,15
1360,15
1361,15
1363,15
1365,15
1367,15
1369,15
1371,15
1372,15
1376,15
1378,15
1423,15
1428,15
1430,15
1451,15
1461,15
1549,15
1550,15
1551,15
1552,15
1555,15
1556,15
1558,15
1560,15
1561,15
1562,15
1564,15
1565,15
1566,15
1567,15
1568,15
1569,15
1645,15
1646,15
1647,15
1649,15
1660,15
1663,15
1858,15
1859,15
1860,15
1899,15
1903,15
1904,15
1905,15
1907,15
1908,15
1915,15
1936,15
1945,15
1954,15
1956,15
1957,15
1958,15
1962,15
1996,15
2009,15
2019,15
2037,15
2038,15
2040,15
2041,15
2042,15
2043,15
2178,15
2289,15
2447,15
2454,15
2456,15
2460,15
2917,15
3232,15
3269,15
3358,15
3360,15
3361,15
3363,15
3364,15
3365,15
3366,15
3367,15
3368,15
3369,15
3370,15
3371,15
3372,15
3374,15
3375,15
3376,15
3377,15
3441,15
3470,15
3471,15
3472,15
3474,15
3475,15
3538,15
3542,15
3543,15
3544,15
3545,15
3547,15
3548,15
3595,15
3662,15
3755,15
3780,15
3901,15
3902,15
3903,15
3904,15
3905,15
3906,15
3907,15
4087,15
4103,15
4104,15
4105,15
4107,15
4109,15
4110,15
4114,15
4116,15
4117,15
4118,15
4119,15
4376,15
4377,15
4378,15
4379,15
4380,15
4381,15
4382,15
4383,15
4636,15
4637,15
4639,15
4640,15
4642,15
4675,15
4676,15
4677,15
4678,15
4679,15
4680,15
4681,15
4687,15
4689,15
4815,15
5024,15
5131,15
5195,15
5196,15
5202,15
5305,15
5306,15
5307,15
5308,15
5309,15
5310,15
5311,15
5312,15
5327,15
5334,15
5354,15
5355,15
5356,15
5357,15
5358,15
5359,15
5384,15
5386,15
5493,15
5592,15
5650,15
5651,15
5652,15
5706,15
5707,15
5870,15
5871,15
5894,15
5949,15
5950,15
5951,15
5952,15
5953,15
6002,15
6003,15
6004,15
6005,15
6006,15
6103,15
6104,15
6105,15
6398,15
6414,15
6415,15
6831,15
7049,15
7139,15
7203,15
7293,15
7294,15
7295,15
7296,15
7297,15
7471,15
7487,15
7488,15
7570,15
7780,15
7817,15
7818,15
7819,15
7820,15
8106,15
8179,15
8491,15
8533,15
8602,15
8627,15
193,16
339,16
452,16
486,16
714,16
766,16
773,16
794,16
816,16
827,16
839,16
998,16
1032,16
1109,16
1199,16
1203,16
1213,16
1214,16
1215,16
1216,16
1217,16
1218,16
1220,16
1221,16
1224,16
1229,16
1230,16
1233,16
1234,16
1237,16
1272,16
1350,16
1375,16
1678,16
1679,16
1680,16
1681,16
1682,16
1683,16
1830,16
1831,16
1832,16
1833,16
1835,16
1837,16
1838,16
1839,16
1840,16
1882,16
1884,16
1948,16
2132,16
2219,16
2244,16
2245,16
2263,16
2314,16
2395,16
2396,16
2397,16
2398,16
2399,16
2400,16
2401,16
2402,16
2403,16
2404,16
2405,16
2406,16
2419,16
2468,16
2479,16
2480,16
2482,16
2483,16
2512,16
2513,16
2514,16
2528,16
2606,16
2607,16
2608,16
2609,16
2725,16
2726,16
2727,16
2728,16
2730,16
2732,16
2831,16
2858,16
3010,16
3070,16
3102,16
3335,16
3336,16
3337,16
3338,16
3339,16
3340,16
3383,16
3384,16
3386,16
3387,16
3388,16
3389,16
3390,16
3391,16
3560,16
3561,16
3571,16
3594,16
3712,16
3714,16
3715,16
3716,16
3717,16
3718,16
3719,16
3720,16
3721,16
3722,16
3723,16
3724,16
3725,16
3832,16
3833,16
3834,16
3835,16
3836,16
3967,16
3968,16
3969,16
3970,16
3990,16
3996,16
3997,16
3998,16
3999,16
4328,16
4443,16
4446,16
4447,16
4460,16
4461,16
4462,16
4643,16
4644,16
4645,16
4646,16
4824,16
4825,16
4851,16
4857,16
4976,16
4977,16
5787,16
5788,16
5790,16
6166,16
6284,16
6484,16
6485,16
6486,16
6487,16
6488,16
6578,16
6579,16
6580,16
6587,16
6654,16
6706,16
6707,16
6708,16
6713,16
6714,16
6715,16
6716,16
6717,16
6718,16
6719,16
6720,16
6844,16
6846,16
6847,16
6848,16
6855,16
7043,16
7136,16
7320,16
7321,16
7427,16
7428,16
7429,16
7728,16
7729,16
7755,16
7756,16
7804,16
7849,16
7904,16
7999,16
8000,16
8014,16
8181,16
8246,16
8275,16
8276,16
8277,16
8278,16
8279,16
8332,16
8336,16
8472,16
8473,16
8499,16
8500,16
8501,16
8502,16
8503,16
8603,16
8609,16
8621,16
8625,16
27,17
412,17
730,17
1444,17
1450,17
1472,17
1473,17
1474,17
1475,17
1476,17
1478,17
1479,17
1480,17
1481,17
1482,17
1483,17
2645,17
2646,17
2647,17
2659,17
2660,17
2661,17
2662,17
2663,17
2664,17
2665,17
2667,17
2668,17
2670,17
2671,17
2672,17
2673,17
2674,17
2675,17
2676,17
2677,17
2678,17
2679,17
2680,17
2789,17
2814,17
2816,17
2817,17
2818,17
2819,17
2820,17
2821,17
2822,17
2823,17
2824,17
2825,17
2827,17
2828,17
2829,17
2830,17
2832,17
2833,17
2834,17
2835,17
2955,17
3373,17
3385,17
3533,17
3535,17
3536,17
3614,17
3615,17
3616,17
3632,17
3633,17
3634,17
3635,17
3636,17
3637,17
3766,17
3825,17
3954,17
4302,17
4331,17
4332,17
4422,17
4566,17
4567,17
4568,17
4569,17
4570,17
4571,17
4572,17
4573,17
4574,17
4575,17
4576,17
4577,17
4578,17
4579,17
4580,17
4581,17
4582,17
4583,17
4584,17
4586,17
4587,17
4588,17
4658,17
4661,17
4662,17
4663,17
4664,17
4941,17
4942,17
4943,17
4944,17
4945,17
4946,17
5074,17
5075,17
5076,17
5077,17
5078,17
5246,17
5350,17
5351,17
5352,17
5353,17
5467,17
5468,17
5469,17
5616,17
5617,17
5618,17
5627,17
5632,17
5633,17
5635,17
5636,17
5696,17
5702,17
5703,17
5744,17
5892,17
5893,17
6201,17
6203,17
6204,17
6205,17
6206,17
6207,17
6208,17
6321,17
6322,17
6403,17
6404,17
6405,17
6431,17
6515,17
6516,17
6556,17
6775,17
6776,17
6777,17
6778,17
6779,17
6780,17
6782,17
6964,17
6965,17
6966,17
7073,17
7074,17
7075,17
7076,17
7077,17
7078,17
7171,17
7172,17
7173,17
7314,17
7315,17
7316,17
7317,17
7318,17
7361,17
7362,17
7363,17
7524,17
7525,17
7526,17
7527,17
7528,17
7529,17
7609,17
7610,17
7611,17
7612,17
7613,17
7614,17
7615,17
7616,17
7617,17
7618,17
7652,17
7653,17
7654,17
7655,17
7866,17
8019,17
8020,17
8038,17
8039,17
8040,17
8041,17
8059,17
8172,17
8175,17
8176,17
8387,17
8388,17
8389,17
8494,17
8504,17
8569,17
8570,17
320,18
334,18
336,18
338,18
340,18
341,18
342,18
343,18
344,18
345,18
346,18
347,18
349,18
350,18
352,18
353,18
354,18
737,18
1139,18
1485,18
1493,18
1750,18
1752,18
1753,18
1757,18
1901,18
2427,18
2428,18
2430,18
2431,18
2740,18
2745,18
2851,18
2941,18
2983,18
3003,18
3004,18
3005,18
3006,18
3007,18
3008,18
3009,18
3319,18
3320,18
3321,18
3322,18
3323,18
3324,18
3325,18
3326,18
3327,18
3328,18
3329,18
3330,18
3331,18
3612,18
3702,18
3732,18
3824,18
3986,18
3987,18
4061,18
4062,18
4063,18
4064,18
4065,18
4066,18
4850,18
4924,18
5102,18
5103,18
5104,18
5133,18
5134,18
5135,18
5136,18
5137,18
5144,18
5172,18
5277,18
5278,18
5333,18
5348,18
5360,18
5361,18
5362,18
5573,18
5637,18
5721,18
5757,18
5758,18
5759,18
5760,18
5761,18
5850,18
5851,18
5852,18
5853,18
5855,18
5858,18
5859,18
5860,18
5861,18
5862,18
5863,18
5864,18
5865,18
5866,18
5867,18
5868,18
5869,18
5906,18
5907,18
5908,18
5909,18
5961,18
6038,18
6039,18
6074,18
6075,18
6076,18
6077,18
6078,18
6079,18
6126,18
6127,18
6146,18
6147,18
6148,18
6149,18
6287,18
6291,18
6292,18
6293,18
6294,18
6295,18
6296,18
6313,18
6341,18
6352,18
6550,18
6888,18
6889,18
6890,18
6919,18
6920,18
6921,18
6922,18
6923,18
6933,18
6934,18
6935,18
6936,18
6937,18
6938,18
6939,18
6942,18
6943,18
6944,18
6945,18
6946,18
6947,18
6948,18
6949,18
7079,18
7085,18
7129,18
7130,18
7131,18
7132,18
7266,18
7267,18
7366,18
7430,18
7431,18
7432,18
7433,18
7434,18
7435,18
7436,18
7437,18
7459,18
7460,18
7461,18
7709,18
7710,18
7711,18
7733,18
7740,18
7771,18
7828,18
7840,18
8064,18
8065,18
8107,18
8108,18
8109,18
8147,18
8148,18
8303,18
8304,18
8305,18
8306,18
8308,18
8309,18
8330,18
8333,18
8344,18
8345,18
8481,18
8585,18
301,19
599,19
705,19
1132,19
1243,19
1247,19
1248,19
1256,19
1510,19
1515,19
1776,19
1788,19
1809,19
1876,19
1920,19
1923,19
2061,19
2082,19
2084,19
2085,19
2086,19
2087,19
2088,19
2089,19
2091,19
2092,19
2093,19
2094,19
2174,19
2283,19
2451,19
2532,19
2591,19
2945,19
2946,19
2948,19
3015,19
3016,19
3017,19
3018,19
3019,19
3020,19
3021,19
3022,19
3023,19
3024,19
3025,19
3026,19
3027,19
3028,19
3029,19
3031,19
3033,19
3034,19
3036,19
3037,19
3038,19
3039,19
3040,19
3041,19
3042,19
3043,19
3044,19
3046,19
3072,19
3427,19
3428,19
3429,19
3430,19
3431,19
3432,19
3433,19
3434,19
3447,19
3549,19
3627,19
3668,19
3669,19
3671,19
3672,19
3673,19
3674,19
3675,19
3677,19
3781,19
3782,19
3946,19
3951,19
3952,19
3953,19
4035,19
4036,19
4037,19
4038,19
4048,19
4200,19
4201,19
4203,19
4267,19
4304,19
4305,19
4306,19
4307,19
4309,19
4310,19
4311,19
4312,19
4313,19
4314,19
4315,19
4316,19
4318,19
4387,19
4388,19
4545,19
4564,19
4565,19
4683,19
4685,19
4855,19
4856,19
4858,19
4859,19
4860,19
4861,19
4862,19
4863,19
4864,19
4865,19
4867,19
4868,19
4921,19
5015,19
5016,19
5017,19
5529,19
5779,19
5847,19
5890,19
5891,19
5914,19
5915,19
5916,19
6018,19
6019,19
6021,19
6022,19
6031,19
6113,19
6319,19
6320,19
6367,19
6368,19
6369,19
6370,19
6371,19
6372,19
6373,19
6374,19
6375,19
6376,19
6383,19
6577,19
6763,19
6764,19
6765,19
6766,19
6767,19
6768,19
6769,19
6770,19
6771,19
6772,19
6773,19
6838,19
6839,19
6840,19
6841,19
7026,19
7027,19
7028,19
7029,19
7030,19
7112,19
7113,19
7114,19
7215,19
7269,19
7270,19
7271,19
7272,19
7273,19
7274,19
7348,19
7367,19
7368,19
7829,19
7830,19
7831,19
7940,19
8094,19
8095,19
8141,19
8166,19
8167,19
8298,19
8299,19
8300,19
8380,19
8498,19
321,20
323,20
324,20
325,20
326,20
327,20
328,20
329,20
330,20
331,20
332,20
333,20
335,20
562,20
672,20
722,20
831,20
832,20
834,20
835,20
836,20
889,20
890,20
891,20
892,20
893,20
894,20
895,20
897,20
898,20
899,20
902,20
903,20
904,20
905,20
906,20
907,20
908,20
911,20
912,20
915,20
916,20
918,20
919,20
922,20
924,20
925,20
926,20
927,20
929,20
931,20
932,20
933,20
934,20
936,20
937,20
938,20
939,20
940,20
1079,20
1135,20
1249,20
1250,20
1251,20
1252,20
1292,20
1303,20
1315,20
1317,20
1339,20
1368,20
1457,20
1477,20
1498,20
2039,20
2133,20
2135,20
2139,20
2356,20
2410,20
2846,20
2847,20
2848,20
2849,20
2850,20
2929,20
2947,20
3179,20
3310,20
3819,20
4047,20
4049,20
4136,20
4137,20
4138,20
4139,20
4140,20
4141,20
4252,20
4255,20
4303,20
4435,20
4436,20
4437,20
4438,20
4439,20
4440,20
4441,20
4686,20
4706,20
4707,20
4708,20
4709,20
4799,20
4800,20
4801,20
4802,20
4803,20
4804,20
4805,20
4869,20
5018,20
5047,20
5048,20
5049,20
5060,20
5061,20
5065,20
5067,20
5084,20
5085,20
5086,20
5087,20
5088,20
5832,20
5975,20
6141,20
6150,20
6151,20
6152,20
6153,20
6154,20
6217,20
6218,20
6297,20
6298,20
6299,20
6433,20
6505,20
6529,20
6532,20
6533,20
6534,20
6602,20
6603,20
6628,20
6828,20
6845,20
6894,20
6982,20
7086,20
7104,20
7248,20
7249,20
7250,20
7251,20
7402,20
7403,20
7605,20
7636,20
7735,20
7736,20
7738,20
7739,20
7822,20
7905,20
7906,20
7928,20
7929,20
7959,20
8143,20
8144,20
8232,20
8233,20
8234,20
8235,20
8249,20
8250,20
8251,20
8255,20
8256,20
8257,20
8337,20
8338,20
8339,20
8340,20
8437,20
8438,20
8525,20
8552,20
43,21
178,21
218,21
260,21
437,21
439,21
441,21
445,21
755,21
757,21
758,21
1076,21
1078,21
1080,21
1211,21
1238,21
1239,21
1240,21
1242,21
1244,21
1245,21
1246,21
1331,21
1335,21
1345,21
1379,21
1502,21
1577,21
1615,21
1620,21
1770,21
1771,21
1843,21
1932,21
2057,21
2060,21
2062,21
2063,21
2064,21
2065,21
2066,21
2067,21
2068,21
2070,21
2071,21
2072,21
2302,21
2304,21
2305,21
2306,21
2307,21
2308,21
2309,21
2589,21
2637,21
2641,21
2707,21
2854,21
2856,21
2857,21
2959,21
2960,21
2962,21
2965,21
2966,21
2967,21
2968,21
2971,21
2973,21
2976,21
2977,21
2978,21
2979,21
2980,21
2981,21
3162,21
3163,21
3164,21
3165,21
3240,21
3342,21
3359,21
3566,21
3812,21
3813,21
3814,21
3816,21
3817,21
3900,21
3960,21
3964,21
4365,21
4366,21
4367,21
4373,21
4374,21
4375,21
4505,21
4506,21
4507,21
4508,21
4509,21
4511,21
4512,21
4546,21
4547,21
5345,21
5491,21
5492,21
5585,21
5751,21
5752,21
5753,21
5754,21
5755,21
6000,21
6001,21
6318,21
6382,21
6385,21
6560,21
6561,21
6562,21
6563,21
6564,21
6644,21
6645,21
6646,21
6954,21
6955,21
6956,21
6979,21
6980,21
6981,21
7023,21
7024,21
7025,21
7044,21
7045,21
7175,21
7176,21
7389,21
7476,21
7494,21
7519,21
7571,21
7673,21
7674,21
7675,21
7884,21
7885,21
8009,21
8010,21
8011,21
8012,21
8115,21
8182,21
8222,21
8223,21
8224,21
8225,21
8226,21
8227,21
8228,21
8247,21
8248,21
8290,21
8291,21
8292,21
8293,21
8310,21
8367,21
8368,21
8369,21
8375,21
8376,21
8412,21
8413,21
8422,21
8423,21
8474,21
8566,21
8606,21
8607,21
8608,21
517,22
519,22
1102,22
1228,22
1504,22
1712,22
1772,22
1774,22
1775,22
1777,22
1780,22
1781,22
1782,22
1784,22
1785,22
1786,22
1789,22
1790,22
2117,22
2325,22
2326,22
2328,22
2330,22
2332,22
2333,22
2334,22
2335,22
2336,22
2338,22
2339,22
2357,22
2359,22
2360,22
2361,22
2362,22
2363,22
2365,22
2366,22
2368,22
2369,22
2370,22
2371,22
2418,22
2420,22
2421,22
2422,22
2423,22
2424,22
2425,22
2426,22
2429,22
2432,22
2433,22
2434,22
2435,22
3129,22
3130,22
3131,22
4003,22
4004,22
4005,22
4523,22
4524,22
4688,22
4960,22
4961,22
4962,22
4963,22
4964,22
4965,22
4966,22
4968,22
4969,22
4970,22
4971,22
4972,22
4973,22
5385,22
5638,22
5681,22
5682,22
5683,22
5684,22
5685,22
5687,22
5688,22
5689,22
5690,22
5691,22
5692,22
5693,22
5895,22
5896,22
5897,22
5898,22
5899,22
5939,22
5940,22
5962,22
5963,22
5964,22
5965,22
5966,22
6053,22
6131,22
6132,22
6133,22
6134,22
6135,22
6136,22
6137,22
6265,22
6267,22
6268,22
6269,22
6270,22
6271,22
6272,22
6317,22
6384,22
6585,22
6586,22
6653,22
6893,22
6896,22
6897,22
6898,22
6941,22
7302,22
7303,22
7304,22
7305,22
7358,22
7375,22
7639,22
7640,22
7641,22
7642,22
7643,22
7644,22
7645,22
7646,22
7698,22
7699,22
7737,22
7778,22
7779,22
7996,22
7997,22
7998,22
8021,22
8022,22
8023,22
8024,22
8025,22
8026,22
8027,22
8028,22
8029,22
8042,22
8230,22
8231,22
8259,22
8260,22
8261,22
8262,22
8263,22
8264,22
8283,22
8327,22
8328,22
8420,22
8421,22
8430,22
8578,22
724,23
866,23
867,23
868,23
869,23
872,23
874,23
875,23
876,23
878,23
882,23
883,23
884,23
885,23
886,23
887,23
888,23
1446,23
1792,23
1950,23
2036,23
2124,23
2155,23
2156,23
2157,23
2377,23
2466,23
2467,23
2533,23
2534,23
2535,23
2536,23
2537,23
2547,23
2548,23
2549,23
2550,23
2551,23
2552,23
2553,23
2554,23
2555,23
2556,23
2557,23
2558,23
2560,23
2561,23
2562,23
2563,23
2564,23
2565,23
2566,23
2567,23
2724,23
2915,23
2920,23
2921,23
2922,23
2923,23
2972,23
2974,23
3541,23
3754,23
3860,23
4498,23
4500,23
4501,23
4503,23
4504,23
4916,23
4917,23
4918,23
4919,23
4920,23
4922,23
4923,23
4926,23
4927,23
4928,23
4929,23
4930,23
5030,23
5031,23
5032,23
5033,23
5034,23
5035,23
5036,23
5037,23
5038,23
5039,23
5040,23
5041,23
5090,23
5093,23
5142,23
5143,23
5145,23
5146,23
5251,23
5252,23
5253,23
5254,23
5255,23
5256,23
5258,23
5259,23
5260,23
5261,23
5262,23
5287,23
5289,23
5313,23
5314,23
5315,23
5326,23
5709,23
5710,23
5711,23
6040,23
6119,23
6120,23
6121,23
6122,23
6123,23
6128,23
6129,23
6397,23
6457,23
6458,23
6459,23
6496,23
6497,23
6574,23
6575,23
6712,23
6726,23
6727,23
6751,23
6752,23
6753,23
6795,23
6797,23
6798,23
6899,23
7033,23
7034,23
7035,23
7036,23
7037,23
7558,23
7559,23
7592,23
7869,23
7982,23
7983,23
7984,23
7985,23
7986,23
7987,23
7988,23
8083,23
8084,23
8085,23
8086,23
8186,23
8187,23
8346,23
8528,23
8529,23
8586,23
47,24
48,24
57,24
210,24
224,24
225,24
227,24
236,24
285,24
430,24
701,24
723,24
734,24
879,24
920,24
1118,24
1126,24
1128,24
1141,24
1142,24
1143,24
1144,24
1145,24
1146,24
1147,24
1149,24
1150,24
1151,24
1152,24
1153,24
1154,24
1155,24
1156,24
1157,24
1158,24
1159,24
1160,24
1162,24
1163,24
1164,24
1165,24
1166,24
1167,24
1168,24
1169,24
1170,24
1171,24
1172,24
1173,24
1174,24
1175,24
1176,24
1177,24
1178,24
1179,24
1186,24
1187,24
1189,24
1319,24
1321,24
1322,24
1327,24
1330,24
1333,24
1336,24
1340,24
1341,24
1343,24
1344,24
1346,24
1347,24
1654,24
1656,24
1657,24
1658,24
1659,24
1661,24
1662,24
1664,24
1807,24
1808,24
1810,24
1812,24
1813,24
1814,24
1815,24
1816,24
1820,24
1821,24
1822,24
1823,24
1825,24
1828,24
1829,24
2184,24
2190,24
2438,24
2889,24
2890,24
2891,24
2913,24
3068,24
3623,24
3641,24
3862,24
3876,24
3890,24
3892,24
4449,24
4904,24
4952,24
4953,24
5288,24
5290,24
5316,24
5317,24
5392,24
5393,24
5591,24
5596,24
5620,24
5621,24
5657,24
5659,24
5677,24
5678,24
5679,24
5680,24
5806,24
5807,24
5941,24
5942,24
6025,24
6026,24
6027,24
6028,24
6758,24
6781,24
6826,24
6827,24
6849,24
6850,24
6851,24
6852,24
6853,24
6871,24
6872,24
7374,24
7555,24
7556,24
7915,24
8056,24
8173,24
8177,24
8178,24
8244,24
8245,24
8301,24
8407,24
8408,24
8409,24
8432,24
8442,24
8628,24
8630,24
8631,24
8632,24
501,25
738,25
1206,25
1227,25
1318,25
1338,25
1537,25
1538,25
1540,25
1783,25
2073,25
2177,25
2217,25
2261,25
2345,25
2409,25
2411,25
2412,25
2413,25
2866,25
2867,25
2932,25
2970,25
2975,25
3465,25
3466,25
3467,25
3468,25
3469,25
3563,25
3564,25
3585,25
3949,25
4018,25
4019,25
4020,25
4268,25
4465,25
4467,25
4665,25
4666,25
4667,25
4669,25
4670,25
4671,25
4672,25
4836,25
4849,25
4852,25
4853,25
4854,25
4886,25
4993,25
4994,25
4995,25
4996,25
4997,25
4998,25
4999,25
5000,25
5001,25
5002,25
5003,25
5127,25
5128,25
5129,25
5130,25
5342,25
5343,25
5344,25
5439,25
5440,25
5441,25
5442,25
5443,25
5444,25
5445,25
5446,25
5447,25
5448,25
5449,25
5450,25
5452,25
5722,25
5723,25
5724,25
5725,25
5726,25
5727,25
5728,25
5729,25
5730,25
5731,25
5732,25
5733,25
5976,25
6055,25
6056,25
6057,25
6058,25
6059,25
6060,25
6061,25
6062,25
6063,25
6064,25
6065,25
6095,25
6551,25
6552,25
6553,25
6554,25
6555,25
6926,25
6992,25
6993,25
6994,25
7016,25
7017,25
7018,25
7019,25
7058,25
7115,25
7116,25
7117,25
7118,25
7119,25
7120,25
7122,25
7484,25
7668,25
7669,25
7670,25
7671,25
7676,25
7677,25
7678,25
7757,25
7758,25
7759,25
7760,25
7761,25
7762,25
7792,25
7823,25
7872,25
7890,25
7891,25
7892,25
8057,25
8058,25
8114,25
8123,25
8124,25
8138,25
8139,25
8218,25
8253,25
8254,25
8331,25
8439,25
8440,25
8441,25
8557,25
8576,25
8577,25
122,26
751,26
761,26
777,26
788,26
795,26
804,26
805,26
807,26
1140,26
1759,26
1760,26
1762,26
1763,26
1764,26
1765,26
1766,26
1768,26
1769,26
1850,26
1851,26
1852,26
1853,26
1854,26
1855,26
2310,26
2311,26
2312,26
2313,26
2315,26
2316,26
2327,26
2499,26
2694,26
2695,26
2696,26
2869,26
3881,26
4006,26
4007,26
4008,26
4009,26
4010,26
4011,26
4086,26
4585,26
4600,26
4601,26
4602,26
4603,26
4604,26
4605,26
4607,26
4608,26
4609,26
4610,26
4611,26
4625,26
4626,26
4627,26
4628,26
4629,26
4630,26
4631,26
4632,26
4633,26
4634,26
4635,26
5043,26
5105,26
5106,26
5107,26
5108,26
5109,26
5110,26
5111,26
5112,26
5113,26
5114,26
5115,26
5167,26
5168,26
5169,26
5170,26
5171,26
5194,26
5600,26
5601,26
5602,26
5611,26
5613,26
5816,26
5817,26
5818,26
5819,26
5820,26
5821,26
5822,26
5823,26
5824,26
6020,26
6023,26
6024,26
6090,26
6091,26
6138,26
6139,26
6140,26
6155,26
6156,26
6157,26
6158,26
6159,26
6160,26
6162,26
6163,26
6165,26
6278,26
6279,26
6280,26
6281,26
6443,26
6444,26
6445,26
6744,26
6801,26
6802,26
6803,26
6804,26
6805,26
6806,26
6807,26
6808,26
6991,26
7098,26
7099,26
7100,26
7101,26
7102,26
7216,26
7217,26
7339,26
7340,26
7341,26
7552,26
7684,26
7701,26
7702,26
7768,26
7769,26
7770,26
7825,26
7826,26
7827,26
7874,26
8190,26
8191,26
8307,26
8543,26
8626,26
490,27
917,27
928,27
1458,27
1729,27
1733,27
1734,27
1911,27
1940,27
2683,27
2685,27
2790,27
2791,27
2792,27
2793,27
2794,27
2795,27
2796,27
2797,27
2798,27
2799,27
2800,27
3313,27
3350,27
3837,27
3838,27
4400,27
4401,27
4450,27
4451,27
4452,27
4453,27
4641,27
4659,27
4736,27
4737,27
4738,27
4739,27
4740,27
4741,27
4742,27
4974,27
4975,27
5022,27
5224,27
5225,27
5226,27
5227,27
5228,27
5229,27
5230,27
5231,27
5232,27
5233,27
5234,27
5235,27
5770,27
5791,27
5792,27
5825,27
5826,27
5827,27
5828,27
5829,27
5830,27
5930,27
6073,27
6326,27
6333,27
6334,27
6335,27
6336,27
6337,27
6338,27
6339,27
6340,27
6460,27
6461,27
6462,27
6463,27
6464,27
6465,27
6466,27
6467,27
6468,27
6469,27
6470,27
6471,27
6472,27
6473,27
6474,27
6475,27
6476,27
7137,27
7138,27
7206,27
7312,27
7326,27
7327,27
7328,27
7329,27
7330,27
7382,27
7383,27
7384,27
7385,27
7413,27
7414,27
7415,27
7416,27
7500,27
7501,27
7503,27
7560,27
7619,27
7620,27
7621,27
7622,27
7623,27
7624,27
7625,27
7626,27
7627,27
7630,27
7631,27
7634,27
7635,27
7751,27
7752,27
7805,27
7806,27
7807,27
7898,27
7992,27
8068,27
8069,27
8070,27
8073,27
8074,27
8075,27
8087,27
8132,27
8133,27
8571,27
8572,27
8573,27
8574,27
8596,27
8629,27
382,28
1253,28
1308,28
1314,28
1445,28
1448,28
1453,28
1454,28
1466,28
1746,28
2266,28
2437,28
2470,28
2875,28
3030,28
3032,28
3093,28
3094,28
3095,28
3096,28
3097,28
3098,28
3099,28
3100,28
3101,28
3175,28
3177,28
3178,28
3436,28
3437,28
3438,28
3439,28
3440,28
3945,28
3950,28
4152,28
4668,28
5149,28
5151,28
5216,28
5217,28
5218,28
5219,28
5220,28
5221,28
5222,28
5236,28
5237,28
5238,28
5239,28
5240,28
5241,28
5242,28
5243,28
5244,28
5245,28
5247,28
5248,28
5249,28
5250,28
5276,28
5280,28
5595,28
5762,28
5763,28
5766,28
5767,28
5769,28
5771,28
5803,28
5804,28
5814,28
5815,28
5960,28
6035,28
6037,28
6080,28
6081,28
6197,28
6198,28
6199,28
6530,28
6531,28
6548,28
6549,28
6749,28
6809,28
6918,28
7031,28
7032,28
7199,28
7200,28
7201,28
7202,28
7264,28
7265,28
7347,28
7364,28
7365,28
7408,28
7409,28
7410,28
7411,28
7412,28
7507,28
7508,28
7542,28
7543,28
7544,28
7572,28
7573,28
7574,28
7575,28
7576,28
7577,28
7578,28
7579,28
7580,28
7586,28
7587,28
7588,28
7747,28
7748,28
7763,28
7764,28
7765,28
7895,28
7896,28
7897,28
7960,28
7961,28
7962,28
8116,28
8117,28
8118,28
8119,28
8120,28
8121,28
8252,28
8414,28
8536,28
8615,28
731,29
739,29
740,29
741,29
742,29
743,29
744,29
745,29
746,29
747,29
748,29
749,29
1849,29
1867,29
1869,29
2014,29
2495,29
2496,29
2497,29
2498,29
3392,29
3393,29
3394,29
3395,29
3396,29
3397,29
3398,29
3572,29
3589,29
3789,29
3790,29
3791,29
3792,29
3793,29
3794,29
3795,29
3796,29
3797,29
3914,29
3930,29
3932,29
3937,29
4100,29
4130,29
4359,29
4360,29
4361,29
4384,29
4385,29
4434,29
4830,29
4831,29
4832,29
4833,29
4834,29
5451,29
5713,29
5789,29
5793,29
5794,29
5795,29
5796,29
5797,29
5798,29
5799,29
5800,29
5801,29
6116,29
6117,29
6450,29
6451,29
6452,29
6614,29
6616,29
6617,29
6618,29
6619,29
6620,29
6621,29
6622,29
6623,29
6624,29
6625,29
6626,29
6627,29
6697,29
6698,29
6699,29
6700,29
6701,29
6702,29
6703,29
6704,29
6728,29
6729,29
6730,29
6785,29
6786,29
6787,29
6788,29
6900,29
6901,29
6902,29
6903,29
6904,29
7080,29
7081,29
7082,29
7083,29
7105,29
7106,29
7107,29
7108,29
7109,29
7110,29
7128,29
7151,29
7152,29
7153,29
7360,29
7390,29
7394,29
7438,29
7439,29
7440,29
7441,29
7717,29
7718,29
7789,29
7843,29
7850,29
8282,29
8385,29
8399,29
8400,29
8401,29
8402,29
8403,29
8404,29
8482,29
142,30
153,30
273,30
274,30
275,30
279,30
280,30
516,30
896,30
900,30
913,30
1739,30
1740,30
1742,30
1744,30
1959,30
2214,30
2273,30
2275,30
2329,30
2331,30
2337,30
3161,30
3292,30
3294,30
3295,30
3296,30
3297,30
3298,30
3300,30
3301,30
3304,30
3305,30
3306,30
3307,30
3308,30
3309,30
3362,30
3446,30
3590,30
3947,30
4090,30
4111,30
4528,30
4529,30
4530,30
4531,30
4532,30
4533,30
4534,30
4535,30
4536,30
4606,30
4612,30
4613,30
4731,30
4732,30
4733,30
4734,30
4735,30
5318,30
5973,30
5974,30
6232,30
6233,30
6235,30
6441,30
6442,30
6521,30
6630,30
6631,30
6632,30
6635,30
6636,30
6637,30
6638,30
6737,30
6738,30
6739,30
6740,30
6741,30
6742,30
6799,30
6800,30
6940,30
7255,30
7256,30
7257,30
7258,30
7276,30
7277,30
7278,30
7279,30
7280,30
7281,30
7282,30
7354,30
7355,30
7356,30
7357,30
7420,30
7599,30
7600,30
7601,30
7602,30
7603,30
7741,30
7787,30
7809,30
7810,30
7811,30
7812,30
7813,30
7814,30
7824,30
7888,30
8013,30
8076,30
8082,30
8088,30
8089,30
8180,30
8193,30
8194,30
8195,30
8240,30
8311,30
8312,30
8313,30
8314,30
8360,30
8361,30
8362,30
8363,30
8364,30
8365,30
8366,30
8379,30
56,31
155,31
355,31
463,31
471,31
498,31
688,31
689,31
690,31
691,31
692,31
693,31
694,31
695,31
698,31
700,31
702,31
703,31
704,31
706,31
707,31
708,31
709,31
716,31
717,31
718,31
719,31
720,31
1071,31
1072,31
1073,31
1074,31
1501,31
1505,31
1506,31
1508,31
1525,31
1526,31
1527,31
1528,31
1529,31
1530,31
1531,31
1532,31
1533,31
1534,31
1536,31
1539,31
1541,31
1542,31
1543,31
1544,31
1545,31
1547,31
1640,31
1963,31
2471,31
2472,31
2488,31
2586,31
2587,31
2588,31
2750,31
2988,31
2989,31
3125,31
3166,31
3167,31
3169,31
3170,31
3617,31
3618,31
3619,31
3620,31
3621,31
3699,31
3701,31
3703,31
3704,31
3705,31
3706,31
3707,31
3708,31
3709,31
3710,31
3908,31
3909,31
3911,31
3912,31
3913,31
3957,31
3958,31
3961,31
3962,31
3963,31
4692,31
4693,31
4694,31
4729,31
5211,31
5615,31
5634,31
5669,31
5670,31
5957,31
5958,31
5959,31
5967,31
5989,31
5990,31
6396,31
6547,31
6957,31
7174,31
7179,31
7180,31
7181,31
7182,31
7275,31
7331,31
7442,31
7443,31
7745,31
7746,31
7880,31
8294,31
8295,31
8424,31
8425,31
8426,31
8427,31
8475,31
8614,31
23,32
965,32
2058,32
2206,32
2436,32
2487,32
2692,32
3944,32
3955,32
4113,32
4185,32
4226,32
4227,32
4228,32
4229,32
4230,32
4231,32
4232,32
4233,32
4234,32
4235,32
4236,32
4237,32
4238,32
4502,32
4614,32
4615,32
4616,32
4617,32
4619,32
5079,32
5080,32
5082,32
5083,32
5454,32
5561,32
5943,32
5944,32
5945,32
5946,32
5947,32
5982,32
5983,32
6029,32
6092,32
6172,32
6173,32
6174,32
6175,32
6176,32
6177,32
6178,32
6179,32
6180,32
6181,32
6182,32
6183,32
6276,32
6434,32
6435,32
6436,32
6438,32
6439,32
6477,32
6478,32
6479,32
6480,32
6481,32
6482,32
6525,32
6526,32
6527,32
6528,32
6664,32
6686,32
6687,32
6688,32
6689,32
6690,32
6691,32
6692,32
6842,32
6989,32
7046,32
7047,32
7048,32
7229,32
7301,32
7477,32
7692,32
7749,32
8284,32
8285,32
8355,32
8356,32
8357,32
8358,32
8410,32
8411,32
457,33
462,33
464,33
473,33
499,33
625,33
626,33
628,33
629,33
630,33
632,33
633,33
634,33
637,33
639,33
640,33
641,33
642,33
643,33
644,33
645,33
646,33
648,33
649,33
650,33
651,33
652,33
653,33
654,33
655,33
656,33
657,33
658,33
660,33
661,33
870,33
1068,33
1266,33
1267,33
1268,33
1269,33
1270,33
1846,33
1847,33
1848,33
2003,33
2004,33
2005,33
2006,33
2007,33
2010,33
2011,33
2012,33
2013,33
2015,33
2016,33
2017,33
2018,33
2020,33
2021,33
2024,33
2025,33
2026,33
2027,33
2028,33
2030,33
2031,33
3158,33
3159,33
3160,33
3291,33
4596,33
4905,33
4906,33
4907,33
4908,33
5399,33
5400,33
5401,33
5402,33
5640,33
5641,33
5643,33
5644,33
5645,33
5646,33
6107,33
6108,33
6124,33
7228,33
7533,33
7941,33
7942,33
7943,33
7944,33
8006,33
8597,33
935,34
2180,34
2185,34
2541,34
2801,34
2803,34
2804,34
2805,34
2806,34
3115,34
3452,34
3622,34
3624,34
3625,34
3626,34
3629,34
3658,34
3839,34
3840,34
3841,34
3842,34
3843,34
3845,34
3846,34
3847,34
3848,34
3849,34
3850,34
3851,34
3852,34
3853,34
3855,34
3856,34
3857,34
3858,34
3859,34
3948,34
4098,34
4521,34
4522,34
4558,34
6264,34
6266,34
6693,34
7391,34
7392,34
7393,34
7395,34
7396,34
7397,34
8149,34
8164,34
8165,34
8302,34
8544,34
8545,34
8546,34
8547,34
8590,34
8591,34
8592,34
8593,34
8594,34
8599,34
1081,35
1084,35
1086,35
1745,35
1761,35
1866,35
1871,35
2199,35
2542,35
2543,35
2544,35
2545,35
2546,35
3299,35
3918,35
3919,35
3920,35
3921,35
3922,35
3923,35
3924,35
3925,35
3926,35
3927,35
4343,35
4344,35
4345,35
4346,35
4347,35
4348,35
4349,35
4350,35
4351,35
4939,35
4940,35
4983,35
4984,35
4985,35
4986,35
4987,35
4988,35
4989,35
5054,35
5055,35
5056,35
5057,35
5058,35
5059,35
5379,35
5380,35
5381,35
5551,35
5568,35
5569,35
6012,35
6013,35
7252,35
7253,35
7254,35
7417,35
7418,35
7419,35
7889,35
679,36
1836,36
4257,36
4317,36
4542,36
5180,36
5181,36
5182,36
5183,36
5184,36
5185,36
5197,36
5198,36
5199,36
5200,36
6221,36
6300,36
6301,36
6302,36
6303,36
6304,36
6305,36
6306,36
6307,36
6308,36
6309,36
6310,36
6311,36
6312,36
6489,36
6490,36
6491,36
6492,36
6493,36
6494,36
7140,36
7141,36
7142,36
7143,36
7144,36
7145,36
7146,36
7147,36
7148,36
7149,36
7561,36
7875,36
8060,36
8061,36
8062,36
8063,36
8122,36
8140,36
8213,36
8241,36
8242,36
8243,36
8382,36
8383,36
8384,36
8417,36
673,37
675,37
676,37
677,37
680,37
681,37
683,37
684,37
685,37
686,37
687,37
2390,37
3735,37
4102,37
4112,37
5854,37
5971,37
5972,37
6410,37
6535,37
6536,37
6641,37
6660,37
6661,37
6662,37
6821,37
6976,37
6977,37
6978,37
7022,37
7444,37
7445,37
7446,37
7447,37
7448,37
7449,37
7450,37
7451,37
7452,37
7453,37
7454,37
7455,37
7456,37
7458,37
7491,37
7492,37
7493,37
7989,37
7990,37
7991,37
8171,37
8531,37
2324,38
2346,38
2347,38
2348,38
2349,38
2350,38
2351,38
2352,38
2353,38
2354,38
2355,38
3132,38
3133,38
3134,38
3135,38
3136,38
3137,38
3139,38
3140,38
3141,38
3142,38
4032,38
4033,38
4034,38
4056,38
4949,38
4950,38
4951,38
5714,38
5715,38
5716,38
5717,38
6033,38
6447,38
6448,38
6794,38
7051,38
7066,38
7067,38
7068,38
7069,38
7070,38
7700,38
7799,38
7800,38
7801,38
8128,38
8129,38
8161,38
8390,38
1305,39
1326,39
2870,39
4468,39
4469,39
4470,39
4471,39
4472,39
4473,39
4474,39
4475,39
4476,39
4477,39
4478,39
4479,39
4480,39
4481,39
4482,39
4483,39
4484,39
4485,39
4486,39
4487,39
4488,39
4489,39
4490,39
4491,39
4492,39
4493,39
4494,39
4495,39
4496,39
4497,39
4499,39
5150,39
5152,39
5153,39
5154,39
5155,39
5156,39
5158,39
5159,39
5160,39
8470,39
8471,39
8517,39
8558,39
1259,40
3783,40
3784,40
3785,40
3786,40
3787,40
3788,40
5335,40
5336,40
5337,40
5338,40
5340,40
5341,40
6416,40
6417,40
6418,40
6419,40
6420,40
6421,40
6422,40
6423,40
6424,40
6425,40
6426,40
6427,40
6428,40
6429,40
6430,40
6962,40
7522,40
7523,40
7803,40
8405,40
8406,40
8415,40
8416,40
1500,41
5772,41
5773,41
5774,41
5775,41
5776,41
5777,41
5778,41
6236,41
6237,41
6238,41
6239,41
6240,41
6241,41
6242,41
6243,41
6244,41
6245,41
6246,41
6247,41
6248,41
6249,41
6250,41
6251,41
7713,41
7714,41
7715,41
7716,41
4925,42
8446,42
8447,42
8448,42
8449,42
8450,42
8451,42
8452,42
8453,42
8454,42
8455,42
8456,42
8457,42
8458,42
8459,42
8460,42
8461,42
8462,42
8463,42
8464,42
8465,42
8466,42
8467,42
8468,42
4205,43
7564,43
7565,43
7566,43
7567,43
7568,43
7569,43
7858,43
7859,43
7860,43
7861,43
7862,43
7863,43
7864,43
7865,43
7876,43
7877,43
7878,43
7879,43
2122,44
5991,44
5992,44
5993,44
5994,44
5995,44
5996,44
5997,44
7606,44
7607,44
7608,44
7783,44
7784,44
7785,44
7786,44
